report_writer,date_writer,title,book_writer,book_company,book_date,report_text
킹고선비,2022/04/21,그들이 말하지 않는 23가지 (장하준 더 나은 자본주의를 말하다),장하준,부키,2010/11/04,"   책을 읽는 내내 놀라운 지적 경험을 했다. 나 자신이 얼마나 자유시장경제 체제에 물들어 있는지를 반성하게 되었다. 그냥 눈대중으로 독서하기가 너무 아까워 공책을 옆에 두고 한 챕터가 끝날 때마다 나의 언어로 번역하여 내용을 요약해 가며 읽었다. 총 A4 크기 노트 9장 분량이 나왔다. 혹시 이 요약본을 읽고 관심이 생긴 학우분들은 꼭 한 번 일독해 보시기를 권한다. 나는 장하준 교수의 이전 저서 <나쁜 사마리아인들>을 사러 가야겠다.     1. 자유 시장이라는 것은 없다.  1819년, 아동 노동을 규제하기 위해 면직 공장 규제법이라는 새 법안이 영국 의회에 상정되었다. 아홉 살 미만의 아동을 고용하는 것을 법적으로 금지시키고 10~16세 아동들의 노동 시간을 12시간으로 제한한다는 내용이다. 당시 공장주들은 아이들의 ‘일할 자유’를 침해한다는 이유로 이 법안에 대해 반대했다. 이들의 논리는 현재 우리들에게 전혀 공감을 사지 못한다. 이렇듯 시장에서 말하는 자유의 의미는 아름다움과 마찬가지로 보는 이의 견해에 따라, 시간의 흐름에 따라 달라진다. 경제학은 과학이 아니라 정치적 행위이다. 자유시장 경제학자들은 시장이 항상 모든 것을 결정하고 있다는 것처럼 이야기하지만 사실 그 저변에는 수많은 규제와 정치적 선택이 깔려 있다.     2. 기업은 소유주 이익을 위해 경영되면 안 된다.  주주들은 기업의 법적 소유주이기는 하지만 여러 이해 당사자들 중 기업의 장기적 생존에 제일 관심이 없는 집단이다. 그들이야말로 기업에서 가장 쉽게 손을 뗄 수 있는 사람들이다. 필요할 때 약간의 손실을 감수하고 보유 주식을 내다 팔면 그만이기 때문이다. 그런데도 불구하고 많은 기업들이 배당금 지급, 자사주 매입 등의 방법으로 주주 가치를 실현하겠다고 나선다. 전문 경영인들은 노동자와 하청업체를 쥐어짜 착취한 자금을 주주들에게 베푼다. 자신의 지위를 확고히 하기 위함이다. 허나 GM의 파산 사례에서 알 수 있듯이, 주주를 위한 경영은 공정하지 않을뿐더러 효율적이지도 않다.     3. 잘 사는 나라에서는 하는 일에 비해 임금을 많이 받는다.  한 개인이 받는 임금은 그의 가치를 온전히 반영하지 못한다. 선진국의 버스 기사가 개발도상국의 버스 기사보다 더 많은 임금을 받는 것은 오로지 그 기사가 선진국에서 태어났기 때문일 뿐이다. 오히려 운전 실력(운전 실력이라는 것을 수치화하여 객관적으로 평가하기는 힘들겠지만)은 매일 갑자기 튀어나오는 야생 동물들을 피하며 비포장도로를 헤쳐 나가야 하는 개발도상국 기사가 더 뛰어날 가능성이 높다. 각국이 시행하는 이민 정책은 개발도상국의 값싼 노동력이 유입되는 것을 막아 자국민의 일자리를 지켜낸다. 이처럼 임금 또한 정치적 결정에 따라 정해지는 면이 많다.     4. 인터넷보다 세탁기가 세상을 더 많이 바꿨다.  우리는 최근에 일어난 변화일수록 그것이 갖는 영향력을 과대평가하는 경향이 있다. 인터넷이 우리 삶의 모습을 변화시킨 것은 맞지만, 세탁기가 가져온 변화만큼 극적이지는 않았다. 이러한 오해는 ‘탈산업화 사회’가 도래했다는 잘못된 믿음을 우리 사회에 설파해 제조업을 홀대하게 한다. 명심해야 할 것은 우리 사회는 언제나 지식 사회였다는 점이다. 더 나은 지식을 가진 이가 돈을 버는 것은 비단 21세기 들어 새롭게 발생한 현상이 아니다. 인터넷은 우리가 흔히 생각하는 것처럼 우리 사회의 생산성 향상에 혁신적으로 기여하지 못했다.     5. 최악을 예상하면 최악의 결과가 나온다.  인간의 이기심은 인간이 경제활동을 하게 하는 데에 중요한 동기이지만 유일한 동기는 아니다. 인간이 정말 자신의 이익만을 위해 이기적으로 행동하는 존재라면, 우리 사회는 이미 무너져 내렸을 것이다. 우리 모두는 사회라는 울타리 내에서 도덕 규범에 대한 나름의 준칙을 갖고 구성원들과 소통하며 살아간다.     6. 거시 경제의 안정은 세계 경제의 안정으로 이어지지 않았다.  인플레이션에 대한 공포는 금융 자산 보유자들이 그들에게 유리한 정책을 추진하기 위해 대중들에게 주입한 괴담과 같은 것이다. 대부분의 사람들은 인플레이션보다 2008년과 같은 금융 위기, 불안정한 고용 형태 등에 더 큰 불안감을 느낀다. 인플레이션을 아주 낮은 수준으로 유지하려는 시도는 투자와 성장은 위축시키고 명목상 수익이 고정된 금융 자산의 이익만을 보호한다.     7. 자유 시장 정책으로 부자가 된 나라는 거의 없다.  선진국들은 개발도상국 국가들에게 자유무역 체제를 갖추라고 압박한다. 그리고 그것이 그들 국가의 경제 성장을 촉진할 것이라고 속삭인다. 하지만 자유시장 정책을 사용해 부자가 된 나라는 거의 없다. 거의 모든 국가들은 자본주의의 황금기라 불리는 50~70년대에 자유시장 경제로 회귀하기 시작한 80년대보다 높은 성장률을 기록했다. 지금 자유무역을 찬양하는 몇몇 선진국들도 이전에는 보조금, 외국인 투자 제한 등의 보호무역 정책으로 자국 산업을 보호하며 성장했다.     8. 자본에도 국적은 있다.  ‘국경 없는 세계’, ‘초국적 기업’이라는 말은 매우 과장된 표현이다. 아무리 규모가 크고 다양한 국가에 진출한 기업이라도 그 경영진들은 자국 편향을 가질 수밖에 없다. 더욱이 기업의 핵심 역량을 해외로 옮기는 것은 생각만큼 쉬운 일이 아니다. 따라서 단순 생산, 조립 공정이 아닌 고도의 기업 활동은 결국 자국에 남는다.     9. 우리는 탈산업화 시대에 살고 있는 것이 아니다.  전세계적으로 ‘탈산업화’가 가속되고 있는 것처럼 보이는 것은 제조업의 생산성 향상 속도가 서비스업의 그것보다 월등히 빠르기 때문에 나타나는 일종의 착시현상이다. 탈산업화는 대부분의 경우 제조업의 쇠퇴를 야기하는데, 이는 곧 무역수지 적자를 의미하기 때문에 탄탄한 제조업이 뒷받침되지 않은 상태에서의 탈산업화는 국가 경제에 매우 큰 손해다. 서비스 산업은 제조업 없이는 발전할 수 없고 교역을 하기에도 여러 어려움이 있다. 몇몇 개발도상국 정부가 천명하는 ‘제조업을 건너뛰고 서비스 산업을 키우겠다’는 비전은 환상일 뿐이다.     10.  미국은 세계에서 가장 잘사는 나라가 아니다.  미국이 잘사는 국가에 속한다는 것은 의심의 여지가 없다. 하지만 가장 잘사는 국가는 아니다. 미국의 1인당 평균소득은 물론 높다. 하지만 그것은 ‘평균’일 뿐이다. 범죄발생률이 높고 보건지수가 다른 선진국에 비해 열악하다는 점은 미국 사회의 불평등을 방증한다. 미국의 1인당 구매력 또한 높은 것은 사실이다. 하지만 서비스 제공자들의 고통을 기반으로 한다. 미국은 이민을 자유롭게 허용함으로써 자국민이 기피하는 업무를 이주 노동자들에게 전가해 서비스 가격을 낮춘다. 게다가 미국인들은 다른 유럽 국가의 노동자들보다 훨씬 긴 시간 노동한다.     11.  아프리카의 저개발은 숙명이 아니다.  흔히 아프리카 국가들이 저개발 상태에 머물러 있는 것을 두고 아프리카의 구조적 문제(기후, 제도, 문화, 지정학적 위험 등)를 원인으로 지목하는데 이는 잘못된 생각이다. 오늘날 부자나라가 된 모든 국가들이 위와 같은 문제를 겪었고 경제성장을 통해 극복했다. 즉, 구조적 문제는 저성장의 결과, 증상이지 원인이 아니다. 오히려 선진국과 그들이 만든 국제 경제 기구(IMF, WTO, WB)가 아직 준비가 덜 된 아프리카 국가들에게 자유시장 경제체제를 억지로 강요한 결과, 경제성장이 멈춰버린 탓이 크다.     12.  정부도 유망주를 고를 수 있다.  자유시장 경제를 맹신하는 이들은 기업을 과대평가하고 정부는 멸시한다. 그러나 정부도 유망주를 고를 능력(시장에서 성공할 가능성이 있는 기업을 찾아내는 일)이 있다. 한국이 그 대표적인 예이고 대만, 일본 심지어는 미국도 그렇다. 한국 정부는 자유시장 논리로는 실패할 가능성이 매우 큰 산업(철강산업)에 공격적으로 투자하여 세계적인 기업(포스코)을 일궈 내기도 했다. 때문에 자유시장 논리에 매몰되어 다른 가능성을 놓치는 것은 바보 같은 일이다. 민간 기업과 정부가 긴밀히 협력하여 국가 사업을 발전시켜 나가야 가장 승률을 높일 수 있다.     13.  부자를 더 부자로 만든다고 우리 모두 부자가 되는 것은 아니다.  자유시장 경제학자들은 부자들을 위한 경제 정책을 펴면 경제 전체 파이의 양이 커지고 낙수효과 또한 촉진되어 저소득층의 삶 또한 더 나아질 것이라 주장한다. 하지만 주요 선진국들이 복지국가의 기틀을 다졌던 50-70년대에 1인당 국민 평균소득이 연간 최대 8%, 못해도 3~4%씩 증가한 데 반해, 다시 자유시장 경제로 회귀한 80-2000년대 초까지의 증가율은 1~2%에 그쳤다. 자유시장 경제정책은 불평등 또한 심화시켰다. 부자들이 늘어난 소득을 갖고 투자를 하지 않고 단지 수익률을 높이는 데에 집중했기 때문이다. ‘낙수효과’가 발현되기 위해서는 규제와 복지 국가라는 이름의 전기펌프가 필요하다.     14.  미국 경영자들은 보수를 너무 많이 받는다.  자유시장 경제학자들은 미국 CEO들의 초고연봉을 두고 그들이 ‘받을 자격이 있다’고 설명한다. 만약 어떤 기업이 그럴 자격이 없는 CEO에게 과도한 보수를 준다면 그 회사보다 더 정확한 임금 계산을 하는 경쟁사에게 밀려 자연히 도태될 것이라는 논리다. 허나 OECD 가입 어느 국가를 봐도 미국만큼 CEO가 많은 보수를 챙기는 나라는 없다. 오히려 미국보다 CEO는 덜 받고 노동자는 더 받는 일본 및 유럽의 회사들이 더 나은 실적을 내는 경우도 많다. 미국 CEO들이 많은 보수를 챙기고 있는 건 그들이 그만큼 잘나서가 아니다. 정부 요직에 진출한 기업가가 그들의 권력을 이용해 자유 경제 이데올로기의 지위를 공고히 하는 정책을 펴기 때문이다.     15.  가난한 나라 사람들이 부자 나라 사람들보다 기업가 정신이 더 투철하다.  ‘기업가 정신’은 더 이상 개인적인 것이 아니다. 에디슨과 빌 게이츠는 미국 사회가 기업 활동을 법으로 보장해줄 수 있을 만큼 제도화된 사회였기 때문에 탄생할 수 있었다. 우리의 편견과는 달리 가난한 나라에도 창의성과 도전 정신을 갖춘 개인들은 많다. 하지만 이들 국가에는 그들의 비전을 실현시킬 만한 제도가 마련되어 있지 않다. 가난한 나라에서는 정부가 기업 활동을 충분히 보장해 주지 못한다. 때문에 사업을 성공시키기 위해서 잘사는 나라보다 몇 갑절의 노력과 운이 필요하다. 집단 차원의 ‘기업가 정신’이 발현될 수 있도록 하는 제도와 조직이 선행적으로 마련되어야 비로소 기업가는 탄생한다.     16.  우리는 모든 것을 시장에 맡겨도 될 정도로 영리하지 못하다.  우리는 모든 것을 합리적으로 결정할 수 있을 만큼 영리하지 못하다. 2008년 금융 위기는 일반인은 물론 펀드 매니저와 대학 교수 등 높은 수준의 교육을 받은 이들까지 자신이 투자한 금융상품이 어떤 것인지 전혀 이해하지 못했음을 보여준다. 때문에 우리는 선택의 자유를 의도적으로 제한할 필요가 있다. 바로 정부의 규제다. 정부의 규제가 필요한 것은 정부가 시장보다 우월하다거나 더 나은 정보를 갖췄기 때문이 아니다. 그저 선택의 자유를 제한하여 그만큼이라도 인간이 합리적 선택을 내릴 수 있게 한다는 데에 그 의미가 있다. 제약회사가 신약 개발 후 상용화에 이르기까지 수많은 검증 절차를 거치는 것처럼, 금융상품도 판매되기 이전에 안전성 검증을 받을 필요가 있다.     17.  교육을 더 시킨다고 나라가 더 잘살게 되는 것은 아니다.  교육은 생산성 제고에 그다지 도움이 되지 않는다. 그리고 생산성을 높이기 위한 목적으로 교육 정책을 펴는 것도 전혀 바람직하지 못하다. 교육의 의미는 국민 한 사람 한 사람이 더 독립적이고 만족스러운 삶을 영위할 수 있게 한다는 데에 있다. 고등 교육이 생산성 향상으로 이어질 것이라는 믿음은 학벌주의를 만연하게 할 뿐이다. 실제로 스위스는 비교적 낮은 대학 진학률을 가졌으나 한국, 핀란드, 미국보다 훨씬 잘산다. 국가의 생산성 향상을 위해 필요한 것은 대학 졸업장이 아니라 복지 시스템과 적절한 정부 규제, 자국 산업을 보호하고 육성하는 무역 정책 등이다.     18.  GM에 좋은 것이 항상 미국에도 좋은 것은 아니다.  1953년 국방 장관에 임명된 전 GM CEO 찰리 윌슨이 청문회에서 말했다. “미국에 좋은 것은 GM에도 좋습니다. 그 반대도 마찬가지입니다.” 약 50년이 지난 2009년, GM은 파산했다. 기업을 살리기 위해 미국 정부는 GM을 인수, 대규모 구조 조정을 단행한 뒤 새로운 기업으로 재탄생시켰다. 이 과정에서 576억 달러라는 돈이 납세자의 지갑에서 빠져나갔다. GM은 60년대부터 타사 제품들에게 밀리기 시작했다. 그러나 GM은 혁신과 투자보다 단기 수익률을 높이는 데에 집중했다. 하청 기업과 노동자들을 쥐어짜 높은 이윤을 창출하고 높은 배당금과 자사주 매입 등의 방법으로 주주들의 입을 막았다. 하지만 제품 경쟁력이 밀린다는 근본적 문제를 해결하지 못했다. 당시 GM의 선택은 단기적으로는 기업에게 이득이 되었을 것이다. 허나 종래에는 기업은 물론 국가에게도 큰 손해를 끼쳤다. 기업의 선택에 대한 적절한 규제는 장기적인 관점에서 기업에게도 국가에게도 이득이 된다.     19.  우리는 여전히 계획 경제 속에서 살고 있다.  공산주의 체제의 몰락으로 계획 경제에 대한 편견이 만연하게 되었다. 하지만 우리는 여전히 계획 경제 속에서 살고 있다. 국민총생산에서 국영기업이 차지하는 비중은 전세계 약 10%에 달한다. 뿐만 아니라 일반 사기업도 계획을 세우는 것은 마찬가지다. 자본주의의 발전에 따라 거대 기업이 영향을 미치는 범위가 더욱 확대되어 왔는데, 이는 계획 경제가 더 강화되었다는 뜻이기도 하다. 자유시장 경제의 최전방에 서 있는 미국이 투자하는 연구개발비 중 정부 보조금이 차지하는 비중은 세계 최고 수준이다. 그들이 돈을 쏟아 붓는 국방 프로그램, 보건 프로젝트 등이 국제적으로 기술 우위를 점하고 있다는 사실은 의미심장하다.     20.  기회의 균등이 항상 공평한 것은 아니다.  기회의 균등이 아무리 완벽하게 보장되는 사회라도, 그것을 활용할 수 없으면 말짱 도루묵이다. 가난한 집 자식도 부유층의 자식도 모두 서울대에 입학할 수 있는 기회가 있다. 하지만 가난한 집 자식은 생계비를 댈 아르바이트를 하느라 공부할 시간이 없다. 과연 이 상황이 공평한가? 어느 정도의 결과의 균등(부모의 소득)은 필요하다. 물론 지나친 결과의 균등은 마오쩌둥의 협동농장처럼 필히 실패로 귀결될 것이다. 하지만 그 ‘지나친’ 수준이 어느 정도인지에 대해서는 사회적 합의의 과정을 거칠 필요가 있다.  놀랍게도 계층 이동성은 ‘아메리칸 드림’ 미국보다 복지 정책이 잘 구현된 국가에서 활발하다.     21.  큰 정부는 사람들이 변화를 더 쉽게 받아들이도록 만든다.  큰 정부는 사람들이 변화를 더 쉽게 받아들이도록 만든다. 한국에서 의대의 인기가 상상초월로 높은 이유는 복지제도가 미약하기 때문이다. 한번 실직하면 다시는 재기할 수 없을 거라는 공포가 학생들로 하여금 도전하기보다 보수적 직장에 목을 매도록 만들었다. 자유주의 경제학자들은 실업 수당, 무상 교육, 최저 임금 등이 노동자의 노동 의지를 꺾고 기업의 고용 동기를 꺼트린다고 이야기한다. 하지만 복지 제도가 잘 갖춰진 국가는 복지 수준을 높이고도 미국, 영국보다 높은 성장률을 기록했다. 복지 정책은 노동자들을 위한 파산법이자 브레이크다. 브레이크가 없다면 운전자는 절대 속도를 높이려 들지 않는다. 창의적이고 도전적인 인재가 어느 때보다 중요해진 지금, 복지 정책에 관심을 기울여야 하는 이유다.     22.  금융 시장은 보다 덜 효율적일 필요가 있다.  금융자산은 비금융자산, 그러니까 실물자산보다 더 신속하고 유동적으로 움직인다. 그리고 그러한 특성은 기업이 성장하고 사업영역을 다각화할 수 있도록 돕는다. 하지만 그 속도가 지나치게 빨라 금융 위기를 초래하기도 한다. 실물경제가 성장하고 수익을 내려면 오랜 시간이 필요한데 금융 자본은 ‘기다리기를 싫어한다’. 아무리 천재적인 금융 상품을 만들어 놓아도 결국 이 자산들이 기대한 만큼의 수익을 낼 수 있는지 여부는 최초로 담보 대출을 했던 수십만 명의 노동자와 중소기업가들이 대출 융자금을 꼬박꼬박 상환하는지에 달려있다. 금융 자본은 참을성을 기를 필요(조금 덜 효율적일 필요)가 있다.     23.  좋은 경제 정책을 세우는 데 좋은 경제학자가 필요한 것은 아니다.  경제학자들이 현실 경제 정책을 세우는 데에 다른 전공자보다 훌륭하다는 것은 편견이다. 오히려 비전공자 관료가 국가 경제를 더 잘 이끌어 나간 경우가 많다. 우리는 지금 자유시장 경제체제를 신봉하는 주류 경제학자들의 영향력 아래에 있다. 자유주의 경제학 말고도 자본주의를 건강하게 운영해 나갈 수 있도록 하는 경제학은 정말 다양하다. 하지만 우리는 그들의 가능성을 고려하지 않거니와 아예 존재조차 모른다. 경제학은 쓸모 없거나 나쁘지 않다. 어떤 경제학 관점을 차용하느냐에 따라 다를 뿐이다.   "
명필각자,2022/04/20,넛지,리처드 탈러|캐스 선스타인,리더스북,2018/11/23,"      선택. 인생은 선택의 연속이다. 생활에 필요한 모든 것이 다 선택이다. 우리는 현명한 선택을 하기 위해 주위 사람들의 도움을 받기도 하고, 자신만의 감을 믿기도 한다. 하지만, 사람들의 선택이 이미 설계 되어 있다면? 사람들의 선택들이 누군가가 가르키는 방향으로 쏠리고 있다면?넛지. 타인의 선택을 유도하는 부드러운 개입이라는 뜻이다. 앞의 질문처럼 극단적이고, 강압적인 느낌은 아니지만, 조금은 약하게 우리의 선택을 유도할 수 있다. 뷔페가 한 예시이다. 뷔페에 가면 여러 종류의 음식들이 나열 되어 있다. 고객들은 수 많은 음식들을 한 눈에 보기에 어렵다. 그들 바로 앞에 음식을 비추고 있는 노란 빛의 조명, 맛있어 보이게 흰 도자기 그릇에 올려져 있는 음식이 보인다. 맛있어 보이면, 그릇에 담고, 아니면 지나친다. 사람들은 자신들이 원하는 음식을 자유롭게 선택하여 먹는다고 생각한다. 이 부분에서 약간의 넛지가 들어가 있을 수 있다. 사람들의 선호도가 너무 높고, 순환률이 너무 높아 뷔페에 오히려 손해를 끼치는 음식이 있다고 생각해 보자. 지배인은 이를 넛지로 간단히 해결할 수 있다. 이 음식을 사람들의 눈에 띄지 않고, 구석진 곳에 배치 시키면, 자연스레 음식에 손을 대는 사람들이 줄어들고, 손해가 줄 것이다. 이렇게 선택을 부드럽게 조정하고, 유도하는 것이 넛지이다. 좋은 의도를 갖고 쓰면, 좋고, 나쁜 의도를 갖고 쓰면 나쁜 것이 넛지이다. 어떤 상품이 있다고 생각했을 때, 판매자는 물건을 많이 팔고 싶어서, 의도적으로 넛지를 넣어서 물건의 판매량을 늘릴 수 있을 것이다. 그렇다면, 소비자 입장에서는 품질이 좋지 않은 물건을 많이 구매할 수 있어서 나쁜 넛지라고 볼 수 있다. 좋은 넛지에는 공용으로 이용하는 물건 중에 숨어있다. 쉽게 보면, 신호등도 넛지이다. 신호등이 없다면, 차량이 막무가내로 다닐 것이지만, 신호등 같은 법규를 통해 훨씬 질서있는 교통을 만들었다. 많은 넛지들이 우리 주변에 만연하다. 그래도 우리에게는 선택지는 주어진다. 권장되는 것들로만 인생을 살 수도있고, 선택지들을 비교해 보면서 자신의 확실한 믿음을 가지고 살 수도있다. 권장되는 선택들만 해서 인생을 살면, 재미없는 인생을 살 것 같다. 대다수의 사람들과 똑같이 사는 것이기 때문이다. 가끔 본인의 삶에 의문을 가질 수도있다. 하지만, 남들과 비교하면서, 자신이 그렇게 하지 않으면 도태되고, 이상한 사람이 될 것이라고 생각할 것 같다. 실제로 이상한 사람이 될 수도 있지만, 그게 맞고, 오히려 더 성공하는 방법이 될 수도 있다. 이와 같이 본인의 생각과 가치관에 따라 전혀 다른 삶을 살아 간다. 뭐가 맞고 틀린지는 잘 모르겠지만, 자신이 생각하는 데로 잘 생각하고, 현명하게 행동해서 살면 되지 않을 까? 선택들을 막하지 말고, 여러 관점으로 보면서, 가장 좋은 것 같은 선택을 하는 것이 중요한 것 같다.   "
수국,2022/04/20,파우스트,요한 볼프강 폰 괴테,을유문화사,2015/03/30,"    괴테의 <파우스트>를 읽고 나서 느낀 가장 큰 키워드는 ‘노력하는 삶의 아름다움’이다. ‘인간은 노력하는 동안엔 방황하는 법이니까.’(317행)라는 대사는 다양한 상황에서 인용된다. 작년 학술적 글쓰기 강의에서도 이 반가운 문장이 소개되었다. 나는 모든 인간이 각자의 우주 같은 삶을 산다고 생각해 왔는데 그 이유는 모두가 자신만의 유전자와 역사를 가지고 있어 고유하기 때문이다. 누구나 자신의 관점에서만 상황을 바라볼 수 있고 완전히 타인의 시각을 이해하는 것은 불가능하다. 그리고 나는 나와 다른 삶을 사는 새로운 사람을 알아가는 것에 큰 재미와 기쁨을 느끼는 편이다. 이름이 기억나지 않는 어떤 드라마에서 그런 이야기를 했다. ‘누구나 살아가면서 소설 한편쯤은 쓴다.’ 마음에 크게 와 닿았다. 각자의 우주를 사는 인간은 누구라도 각자의 소설 같은 삶을 살아가는 것 같다. 노력하고, 그렇게 방황하면서. 파우스트는 끊임없이 노력하고 방황하는 인물이고, 그러한 그를 보면 지난 일을 돌아보게 된다. 글을 읽으면서 나는 학문에 몰두했던 파우스트, 궁극적인 것을 욕망하는 그와 전혀 닮은 면이 없는 줄 알았다. 그런데 이제와 찬찬히 돌이켜 보면 나 역시 살면서 한순간도 치열하지 않은 적이 없었다. 어린 시절부터 그랬다. 여전히 학생 신분이기는 하지만 지난 학창 시절 동안 나는 아주 모범적인 학생이었다고 자부한다. 초등학생 때는 늘 눈을 반짝이며 수업에 집중하는 학생이었고, 글자를 아주 반듯하게 써서 선생님들께 항상 칭찬을 들었다. 중학생 때는 교복 치마 길이를 늘려 입어 전교에서 치마 길이가 가장 길었다. 교무실에서는 심부름할 때면 선생님께서 당신의 아이를 나처럼 키우려면 어떻게 해야 하냐고 물으시기도 했다. 고등학생 때는 태어나서 처음으로 벌점을 받고 기숙사 화장실에서 친구들 몰래 눈물을 훔쳤었다. 초등학교 3학년 때부터 고등학교 3학년 때까지 매년 학급 임원이나 전교 임원을 맡았다. 그렇게 성균관대학교에 입학했다. 생각해보면 내가 나에게 기대하는 모습이 있었고, 그처럼 참으로 치열하게 살아온 것이다. 최근에는 삶이 본래 치열할 수밖에 없는 것이라고 느낀다. 작년 11월 말에 고등학생 때부터 친하게 지낸 한 친구가 집을 나왔다. 다른 말로 하자면 가출이었다. 그 애는 예전부터 집을 나서 독립할 것이라고 계획해 왔었다. 그런데 집에 들어가지 않아야겠다고 결심하는 순간에는 조금 충동적이었어서 그 애가 눈독 들여두었던 하숙집에 자리가 나기까지 시간이 조금 걸리는데 머물 곳이 없었다. 다른 친구의 집에 며칠 지내고 있던 그 친구를 우리 집에 데려와 일주일 정도 함께 생활했다. 그 친구의 집은 친구가 대학에 가는 것을 반대했기 때문에 그녀는 지난 일 년 동안 재수 겸 학비 벌이를 했다. 우리 집에 머무는 동안에 자신의 재정 상태를 점검하고 이런 저런 할 일을 해치우는 그녀에게 나는 참으로 열심히 산다고, 대단하다고 말했다. 그녀는 자신이 열심히 사는 것이 아니라 그냥 사는 것이라고, 살기 위해서 해야 할 일을 하는 것이라고 했다. 살기 위해서 열심히 행동하지 않으면 안 된다. 누군가는 19세기 영국 신사처럼 아무 노동 없이 삶을 꾸릴지도 모른다. 그러나 나는 나의 친구를 보고 '잘' 살고 싶다면 '행동'해야 한다고 느꼈다. 또한 나는 언어학입문 과목의 과제를 하다가 기사에서 ‘대충 살자’ 놀이가 유행한다는 이야기를 본 일을 떠올렸다. 사람들은 방송에 짝짝이 양말을 신고 나온 연예인 사진을 SNS에 올리면서 ‘대충 살자 양말은 색깔만 같으면 되는 OO처럼’과 같은 말을 적는다. 이런 놀이가 유행하는 것은 우리가 현실에서 대충 살아가기가 어렵기 때문은 아닐까. 문득 ‘피로사회’가 떠오른다. <피로사회>의 저자 한병철은 “하면 안 된다”라고 하던 사회에서 “할 수 있다”라고 하는 사회로의 전환에 집중한다. 이러한 성과사회에서는 ‘할 수 있다’라는 긍정성의 과잉이 문제가 되고, 사람들이 스스로의 요구에 부응하지 못하면서 우울을 느낀다고 한다. 파우스트는 무엇인가를 계속해서 욕망했고 삶에서 여러 차례 비극을 맛본다. 학자의 비극, 그레트헨 비극, 헬레네의 비극 등이 그것이다. 현대의 피로사회에서 나뿐만 아니라 비단 많은 현대인이 마치 파우스트처럼 욕망과 비극을 반복적으로 경험할 것이 분명하다. 파우스트는 제2부 제1막의 시작인 <우아한 지방> 장면에서 무지개를 보면서 말한다. ‘아아, 무지개는 인간의 노력을 비추어 주는 것이니, 그것을 보고 곰곰이 생각하면, 보다 정확히 알게 되리라. 다채로운 반사광에서 우리 인생을 들여다볼 수 있다는 사실을.’(4725행) 파우스트는 늘 노력하는 인간이었다. 그는 궁극적인 것을 알고 싶어했고, 그레트헨을 원했고, 헬레네를 바랐고, 행위를 멈추지 않는 인간이었다. 그런데 자세히 들여다보면 막상 그 안에서는 메피스토펠레스의 말에 흔들리기도 하고, 조급하고 성급한 모습을 보이기도 한다. 근대의 정신으로 평가 받던 파우스트지만 현대에는 그의 맹목성이 더욱 조명되고 있다. 사전 상 ‘맹목’이란 ‘이성을 잃어 적절한 분별이나 판단을 못하는 일’을 말하고, ‘맹목성’이란 ‘원칙과 주관, 신념이 없이 일을 하는 성질이나 특성’을 말한다. 나의 지난 노력들은 이성이 바르게 작용한, 신념 있는 노력이었을까? 대체로 신념 있게 행동했지만 때로는 그렇게 하지 못했었던 것 같다. 나는 가치 있는 신념을 가지고, 그 신념을 지키며 살아가고 싶다. 그래서 최고의 순간을 예감하고 난 뒤 죽음을 맞이한 파우스트처럼 죽기 전에 후회보다는 드높은 행복을 느낄 수 있다면 좋겠다. 과거를 성찰하는 데 더해 미래를 살아갈 고민에도 <파우스트>는 큰 도움을 준다. 나는 메피스토펠레스의 ‘결국 우리는 자기가 만든 인간들한테 매이는 거요.’(7003행)라는 말이 기억에 남는다. 아무래도 겁 많은 나의 성격 탓인 것 같다. 새로운 것에 대한 끌림은 강한데 행동할 용기가 부족하다. 해오던 것, 익숙한 것에 편안함을 느낀다. 파우스트는 자기 자신에게 만족하고 싶지 않아 했다. 나도 그렇다. 하지만 나는 안정감도 동시에 원한다. 파우스트도 종종 이중적인 모습을 보였다. <파우스트>를 읽는 동안 그의 이중적인 모습들이 오히려 현실적이라는 생각을 많이 했다. 파우스트는 단순하고 평면적인 인물이 아니라 고민하고 괴로워하는 입체적인 인물인 듯싶다. 파우스트가 선도, 악도 아니라는 생각이 든다. ‘모든 이론은 잿빛이고, 생명의 황금 나무는 영원히 푸르다네.’(2038행) 메피스토펠레스의 말이다. 레닌은 그의 저서에서 이 말을 인용하며 추상적 이론보다는 현실 생활의 다채로움을 포착할 것을 말한 바 있다. 나는 메피스토펠레스의 말을 보고 스텔라 장이라는 가수의 ‘빌런’이라는 곡이 생각났다. 누군가에게는 선한 사람이 다른 누군가에게는 악한 사람일 수 있다는 내용을 담고 있다. 인간의 선악이야말로 잿빛 같다는 생각을 해 보았다. 절대적 선과 악은 구분될 수 있을까 고민해 보고 싶다. 빠르게 모든 것이 변화하는 현대 사회에서 안정감을 찾는 것은 나만이 아니라 내가 속한 세대의 이야기인 것 같다. 이는 울리히 벡의 ‘위험사회’ 개념을 연상시킨다. 개인이 무엇보다 우선시되는 사회에서 불확실한 미래에 대한 개인의 불확실성을 해소하려는 노력이 사회적으로 위험을 높인다는 것이다. 사회적으로 책임을 져야 할 문제들까지도 개인의 문제로 치부되면서 개인의 불안은 더욱 커질 수밖에 없다. 새삼 나는 불안 속에서도 안주하고 싶지 않다는 생각이 든다. 작년에 초등학교 특수 학급의 보조 교사 일로 한 학기 정도 봉사한 일이 ‘도전’으로 기억난다. 올해는 대외활동에 도전하여 대한민국 정책기자단에 선발되었다. 나는 더 많은 도전을 하고 싶다. 나의 피조물, 나의 과거 성취에 얽매이기보다는 새롭게 도전하고 나아가는 삶을 살고 싶다.   "
maobi,2022/04/19,"그대들, 어떻게 살 것인가",요시노 겐자부로,양철북,2012/06/15,"    '그대들, 어떻게 살 것인가'라는 책 제목을 만났을 때, 서점에 흔히 있는 자기개발서나 sns에서 유행하는 위로를 주는 책이라고 생각했다. 하지만 읽어보니 완전히 다른 소설이었다. 중학교 2학년인 코페르는 자신의 고민들을 삼촌에게 털어놓고 삼촌과 고민에 대해 대화하며 성장하는 이야기를 담고 있다. 사춘기 소년의 가장 큰 고민으로 등장한 것은 바로 친구 문제이다. 일종의 오해로 상급생들과의 갈등 상황을 겪게 되었는데 코페르는 친구인 기타미가 얻어맞고 있는데도 아무런 저항도 못하고 도와주지도 못하고 그냥 구경만 했다. 심지어 다른 미즈타니와 우라가와는 상급생들이 때리면 같이 맞자고 약속했던 것을 지키기 위해 기타미와 함께 맞았다. 코페르는 스스로에게 실망하고 비겁한 사람이라 생각하며 마음의 병이 깊어지다 못해 실제로 몸이 아파 학교도 못나가게 된다. 결국 외삼촌과의 대화 끝에 친구들에게 먼저 사과의 편지를 건네고 친구들이 받아주면서 코페르는 몸과 마음의 병이 모두 낫게 된다. 내가 중학생 때도 친구들이 소중했기에 친구에 대한 고민들이 공감이 되기도 하였지만 사실 어른이 된 지금 더 존경스러운 것은 코페르의 마음에 항상 귀 기울여주는 삼촌의 존재이다. 나는 조카가 있더라도 코페르의 삼촌처럼 귀 기울여주기는 어려울 것 같다. 조카 뿐만이 아니라 요즘은 가까운 친구들 혹은 가족들의 고민들마저도 제대로 들어주지 못하는 것 같다. 마음의 여유가 있는 어른이라면 좋을텐데, 변명이겠지만 지금은 나의 여러가지 고민들에 휩싸여 다른 사람들의 고민들을 들어주는 것이 힘들기도 하고 심할 때는 나까지 피곤해지는 느낌을 받곤 한다. 조카의 수많은 고민들을 들어주고 대화해줄 수 있는 삼촌이라는 존재가 부럽기도 하고 그렇게 되고 싶다는 동경심이 들었다.삼촌과 같은 존재가 되는 법은 삶의 여유로운 것도 있겠지만 제일 큰 것은 공감 능력이다. 나도 당시에는 치열하게 고민했었지만 지금은 지나가서 큰 의미가 없는 그런 고민들을 다시 내 일처럼 공감해야 진솔된 자세로 들을 수 있다. 하지만 인간은 망각의 동물이라 그러한지 그냥 쉽게 넘어가곤 하는 것 같다. 나는 이미 해결한 상태이므로. 올챙이 적을 생각하며 다시 나의 고민인 것처럼 머리를 맞대고 치열하게 고민해주고 들어주는 자세가 삼촌과 같은 멋진 어른이 되는 첫 걸음일 것이다. 이 책은 한 동안 일본에서 금서였다고 한다. 인터넷에 따르면 마지막 페이지의 말 때문이다. 코페르는 노트에 글을 쓰는데 ""나는 온 세계 사람들이 서로 친한 친구처럼 사이좋게 지내는 그런 세상이 오면 좋겠어요. 인류는 지금껏 발전해 왔으므로 머지않아 틀림없이 그런 세상이 올 거라고 믿어요. 내가 그런 세상에 도움을 줄 수 있는 사람이 되면 좋겠어요.""라는 말 때문이라고 한다. 이 책이 쓰여진 30년대 말은 세계 전쟁에 일본도 뛰어들어 싸우고 있었고 조선을 식민지로 만들어 민족 말살 정책을 펼치던 때였다. 코페르와 같은 나이의 조선 아이들은 강제 징용을 당하기도 하고 부모를 잃기도 하고 위안부로 끌려 가기도 하며 혹은 그런 이들을 형제 자매로 둔 채 하루 하루 악몽같은 삶을 살고 있었을 것이다. 어쩌면 코페르의 고민은 정말 별거 아닐 정도로 큰 삶의 무게를 지고 살고 있었을 것이다. 삼촌은 불상이 처음 만들어진 곳 등 문화 예술 역사 전반에 대한 이야기를 모두 해주며 코페르의 생각을 넓혀준다. 하지만 거기에 조선은 없다. 이 책이 지브리에서 영화화 된다는 소식을 접했는데 마냥 반갑지만은 않은 이유는 동시대의 코페르만한 조선의 청소년들이 생각나서이다. 청소년의 고민을 담은 성장 소설로는 참 좋은 책이지만 어린 나이에 기댈 어른 없이 상상할 수 없는 고통 속에 스러져간 나의 뿌리를 생각하면 조금 안타까워지는 것은 사실이다.   "
maobi,2022/04/17,나는 매주 시체를 보러 간다 (서울대학교 최고의 ‘죽음’ 강의),유성호,21세기북스,2019/01/23,"    이 책은 법의학자이자 서울대학교 교수인 유성호 교수님의 죽음에 대한 강의를 담은 책이다. 유성호 교수님을 처음 접하게 된 것은 SBS의 시사보도 프로그램인 <그것이 알고싶다>였다. 당연히 이 책에서 다루는 죽음도 범죄 피해자들의 부검에 대한 내용이지 않을까 생각했다. 하지만 법의학자로서 항상 죽은 사람들을 마주하는 유성호 교수님에겐 사건의 피해자들보다 사고, 자살, 자연사 등 다른 많은 이유로 오는 죽음이 많다고 한다. 내가 접한 교수님은 늘 피해자와 함께였지만 피해자가 아닌 죽음도 많은 것이다. 이렇게 매일을 죽음과 함께하는 법의학자로서 교수님은 죽음에 대한 철학을 강의한다. 그리고 책 전반에서 가장 강조하는 것은 죽음에 대비해야 한다는 것이다. 이 책은 법의학자, 이과생으로서 인문학적 소양은 부족할 것이라는 편견에 벗어나 상당히 철학적인 내용들을 담고 있었다.""다들 자신의 죽음은 먼 미래의 일이라고만 생각하고 싶은 것이다. 하지만 죽음이 내일 오든, 몇 십 년 후에 오든 상관없이 지금 이 순간 내가 죽는다는 사실을 겸허히 인정하는 일이 필요하다. 이러한 물질적 심리적 정리는 삶의 정리라는 측면에서 반드시 필요하다. 자신의 책임, 권리, 의무에 대한 여러 가지 귀속을 마쳐야 편안히 죽음을 맞을 수 있다. (...) 이 두 가지 정리가 잘 안 되기 때문에 죽음을 느닷없이 맞이하게 된다. 나의 스토리를 스스로 종결하지 못하고, 나의 내레이션을 마지막으로 장식하지 못하고 남이 대신 마치게 하는 것이다. (...)여러 인생 행로를 내가 만들어 여기까지 왔는데 왜 삶의 가장 중요한 마지막 스토리를 내가 못 쓰고 다른 사람이 쓰게 하는 것일까? 내 인생의 마지막은 반드시 내가 종결지어야 한다."" 법의학자로서 수많은 갑작스러운 죽음을 보았던 교수님은 내 삶의 마지막을 미리 준비해놓은 죽음이 제일 좋은 마무리라고 생각하신 것 같다. 사실 생각해보면 어떤 죽음이든 갑작스럽게 다가온다. 비단 사고나 범죄 뿐만이 아니더라도 우리가 언제 죽을지 스스로 알고 있는 자는 없다. 하지만 우리나라 대부분의 사람들이 죽음에 대해 준비해 놓지 않는다. 내 경험상으로는 죽음과 삶에 대해 고뇌하는 것은 일명 '중2병'이라고 생각하기도 하고 대한민국이 숭고한 죽음보다는 치열한 삶에 관심이 집중되어 있기 때문인 것 같기도 하다. 실제로 내 친구는 대학 강의 중 유서를 써보는 과제가 있었는데 이것을 수행하기가 너무 부끄럽고 집중이 안되어서 노래를 트는 등 갖은 애를 썼다고 했었다. 우리 사회가 죽음에 대해서 고민하는 것을 부끄럽게 여기는 것은 어쩌면 너무 사적인 영역이어서 혹은 삶이 바쁜데 죽음에 대해 고뇌하는 것을 사치라 여겨서 등 다양한 이유가 있는 것 같다. 이유야 어쨌든 확실한 것은 죽음에 대해 고민하는 것을 터부시하는 사회가 좋지 않다는 것이다. 죽음은 두렵지만 보편적이다. 모든 인간이 경험할 것이며 과거의 모든 인간이 경험한 것이다. 이렇게 모든 세계에서 공통적으로 하는 경험은 드물다. 죽음을 고민하고 준비하는 것은 일상적이고 평범한 일이 되어야 할 것이다. ""카르페 디엠! (현재를 즐겨라!) 영화 <죽은 시인의 사회>에서 키팅 선생이 학생들에게 들려주었던 말이다. 그러나 우리는 그에 앞서 죽음을 생각하며 살아야 한다. 메멘토 모리! (죽음을 기억하라!) 삶의 마지막 순간에 자신이 어떠한 모습이기를 바라는지 끊임없이 묻고 답하는 과정에서 우리의 삶은 더욱 풍성해지고 깊은 의미를 품는다.빛과 그림자처럼 죽음이 있기에 지금의 삶이 아름다울 수 있음을 우리는 기억해야 한다. 죽음을 고민하고 준비할 때 우리의 삶이 풍성해질 수 있음은 같은 맥락일 것이다. 보다 당당하게 죽음을 준비하고 아름다운 마무리를 할 수 있는 사람이 되도록 준비해야겠다는 생각이 들었다. 특히 남겨진 사람들을 위해서라도. 죽음은 우리에게도 갑작스럽지만 가족들에게도 갑작스럽기에 여러가지 절차를 준비하면서 당황할 것은 가족들이다. 죽은 당사자가 자신의 죽음을 준비해두고 장례절차도 정해놓았다면 가족들은 더 든든한 마음을 가질 수 있을 것이다.    "
백석,2022/04/17,빛 속으로 (한국 문학사에서 지워진 이름. 평생을 방랑자로 산 작가 김사량의 작품집),김사량,녹색광선,2021/08/15,"   <비뚤어진 우월감>  우리는 때때로 자신의 치부로 울타리를 두르고 그 안에 갇혀 끝없는 긴장 속에서 헤어나오지 못한다. 그 치부에 대해서 남들이 실제로 어떻게 생각하는지는 알 길이 없다. 그러나 이미 주변에 둘러놓은 울타리에는 남들이 새겨 놓은 것만 같은 낙서가 가득하다. 이 울타리가 무너지면, 울타리에 새겨진 낙서들이 공개되면 남들이 더 높은 울타리를 세워 자신을 가둘까 봐 지금의 울타리를 더욱 견고하게 지켜낸다.  <빛속으로>에서는 조선인 인물들의 본질 자체가 이러한 울타리로 작용한다. 그들은 자신이 조선인이라는 사실을 숨기고 일본인인 척해야만 교사로서의 지위를 유지하고 아들로서, 학생으로서 대우받을 수 있었다. 물론 이들은 양심의 가책을 떠안기도 하고, 조선인이라는 정체성에 대한 막연한 열망과 그리움을 품기도 한다. 하지만 인물들이 일제 통치 하에 학습한 바로는 일본인을 옳고 조선인은 그르기 때문에 민족의 현실을 외면하고 합리화를 선택한 것이다.  한편 남 선생과 하루오가 둘러 놨던 울타리는 서로 부딪히면서 서서히 균열을 내기 시작한다. 이 부딪힘이 처음부터 긍정적인 결말을 예고한 것은 아니었다. 남 선생은 하루오에게 관심을 가짐으로써 자신이 조선인이라는 것이 드러날까 봐, 조선인을 혐오하는 한베에와 엮일까 봐 ‘그저 눈을 가리고만 싶었다.’라고 생각한다. 하루오도 ‘어머니의 것’인 조선 국적에 대한 ‘맹목적 거부’ 때문에 남 선생에게 특히 못되게 군다. 그러나 둘은 결국 자신들이 비슷한 처지라는 것을 직감한다. 남 선생은 개명을 통해서, 하루오는 혈통을 통해서 이루어진 일제의 내선일체 정책의 결과물이다. 이들은 일본 제국이 물리적으로는 성립되었지만, 일본인이라는 정체성을 형성하는 데에는 실패했음을 드러낸다. 또, 둘은 ‘자신이 조선인이라는 사실을 의식할 때’ 더 이상 무장을 하지 않고도 그들의 본질을 지킬 수 있게 된다. 결말에서 하루오가 “남선생님이죠?”라면서 남 선생을 조선어로 호명하는 순간 그는 일본인인 아버지처럼 행동해야 한다는 강박(예를 들어 강자에게 굽히고 약자를 괴롭히는 야비한 성격)을 버리고 자신과 남 선생을 조선인으로 인정한 것으로 볼 수 있다. 덕분에 남 선생도 ‘안도하며’ 조선인으로서의 자신을 받아들일 수 있었다.  하루오와 남 선생이 서로를 통해 잃어버렸던 민족적 자긍심을 회복하는 과정도 흥미롭지만, 사실 나는 정순과 한베에, 그리고 남 선생 사이의 관계성이 일제 강점기의 모습을 가장 현실적으로 보여준다고 생각한다. 특히 정순이 한베에에게 매번 인간적인 대우를 받지 못함에도 불구하고 그를 떠나지 못하는 안타까운 상황이 인상적이었다. 정순은 자신이 한낱 조선 여자일 뿐인데 한베에 덕분에 자유를 찾았고, 그의 옆에서 수모를 당하는 것은 그 대가로서 정당하다고 생각한다. 나에게 정순은 한베에와 단순히 여성과 남성 사이의 문제만으로 얽혀 있는 것이 아니라, 일제 강점기를 받아들이는 당시 사람들의 일부 의견이 투영된 인물이라고 여겨졌다. 그녀가 원래는 술집에 붙잡혀 사는 여성이었던 것처럼, 침체되어 있던 조선이 일본의 힘을 빌려 세상 밖으로 나왔다는 주장이 불가능한 것은 아니기 때문이다. 물론 그 과정에서 정순과 하루오가 끔찍한 육체적, 정신적 고통을 받음, 즉 조선인이 강압적인 민족 말살 정책 아래에서 간신히 살아온 점은 간과하기 어렵다. 이 위태로운 가정을 지켜보는 남 선생은 정순이 일본인인 한베에와 결혼한 것 자체를 위안으로 삼은 것 같다고 생각한다. 같은 조선인이지만 남 선생에게 무의식적인 불안감을 유발하는 이군과 달리, 정순은 남 선생이 동질감을 느끼는 존재이고 한 민족으로서 일본인에 대한 배타적 감정을 공유하고 싶어하는 대상이다. 그가 정순에게 자신을 처음 소개할 때 ‘미나미’가 아닌 ‘남’이라고 하는 것으로부터 이군과 정순을 대하는 남 선생의 심리적 차이를 알 수 있다. 우리는 이를 남 선생의 한베에를 향한 개인적인 악감정으로 해석할 수 있을까? 나는 하루오뿐만 아니라 남 선생도 조선인이라는 정체성에 막연한 그리움을 가지고 있을 것이라고 생각한다. 일본인인 척하는 교사라는 일상에 안주하고 싶으면서도 조선인들에게 손가락질 당하기는 싫고, 더 나아가서 일본에 대한 무조건적인 헌신을 그만두고 조선인이라는 민족의 이름을 내세우고 싶었을 것이다.   이쯤에서 다시 이 소설의 제목을 보면, 대체 <빛속으로>에서의 ‘빛’이 무엇을 상징하는지 궁금해진다. 관습적으로 빛은 긍정적인 것이나 절대적인 것, 그리고 이상향 등을 나타낼 때 쓰인다. 그러나 나는 빛에서 태양을 떠올렸고, 또 태양의 이미지는 일장기로 이어졌다. 일본 제국이 쓰던 일장기에는 빨간 태양을 중심으로 퍼지는 빛이 새겨져 있다. 앞서 말했던 것처럼 이 소설의 결말에서 남 선생과 하루오는 조선인이라는 정체성을 끝끝내 수용하게 되는데, 결국 이들이 향하는 곳은 일제의 중심일 것이라는 생각이 들었다. 둘은 그 자체로 일제 통치 방식의 허점이었고, 자신들의 본질을 지켜내어 빛속으로 걸어가는 것은 일제의 비뚤어진 우월감에 맞서서 조선인으로서 꿋꿋하게 살아갈 수 있음을 암시한다.   "
백석,2022/04/17,나혜석 단편집,나혜석|오형엽,지식을만드는지식,2011/10/27,"   <나의 정의>    현대인으로서 ‘나’를 객관적으로 인식하기는 쉽지 않다. 항상 대체 가능한 인간이라는 불안감을 가지고 살아가기에, ‘내가 가지고 있는 개성이 있던가?’부터 시작해서 ‘내가 살아가는 궁극적인 이유가 무엇인가?’로 이어지는 고민을 누구나 해보았겠지만, 이에 대해 명쾌한 답을 찾아서 끝을 낸 이는 없을 것이다. 그리고 이러한 고민이 현대인에게만 주어진 미제는 아니라고 믿는다. 역사 속에서 인간답게 사는 방법이 하나로 정해진 적은 없기 때문이다.  경희는 인간이자 여성으로서, 특히 신여성으로서 이 고민과 마주하기 시작한다. 그녀는 당시의 시선에서 ‘배운 여자’라는 대단한 개성을 가지고 있었다. 이를 무기 삼아 현학적인 태도를 보이거나 관습적인 여성의 역할을 하지 않을까 봐 우려했던 부모님의 걱정과 달리, 경희는 집안일에도 관심을 보이며 무엇이든 곧잘 해냈다. 여기서 내가 알던 신여성의 이미지와 상충되는 부분이 생겼다. 사전에 신여성의 정의는 두 가지로 나오는데, 첫 번째는 개화기에 신식 교육을 받은 여자를 이르던 말, 두 번째는 개화기에 서양식 차림새를 한 여자를 이르던 말이다. 두 정의 모두 신여성의 특징을 설명해 주기는 하지만 정작 나는 그들이 신식 교육을 받아서 어떤 인식의 변화를 보였는지, 또 그들이 왜 서양식 차림새를 갖추게 되었는지 알지 못했다. 그저 신식 교육을 통해 여성의 지위가 올라갔을 것이라는, 그리고 당연히 주류를 따라가는 흐름으로 복장의 변화가 일어났을 것이라는 안일한 추측에 그쳤었다. 그러나 경희에게 투영된 신여성의 모습은, 교육의 정도와 관계없이 시대가 여성에게 거는 기대에서 크게 벗어나지 못한 듯했다.   경희는 분명 교육의 필요성에 있어서 남녀에 다름이 없다는 것을 알고, 공부가 아닌 살림을 할 수밖에 없는 여성들의 노고를 인정한다는 점에서 기존과 다른 시선을 일부 보여준다. 특히 떡장수가 잘 알지도 못하는 여학생들에 대한 험담을 할 때 경희가 보이는 냉담한 반응은 여성 연대 의식을 나타내기도 한다. 하지만 본인의 삶에 있어서는 단번에 확신을 가지지 못한다. 그녀는 결혼과 학업 사이의 갈래길에 서서 ‘남자와 같이 모든 것을 하는 여자는 평범한 여자가 아닐 터이다.’라면서 역사 속의 여성 위인들과 자신을 비교한다. 이때 자신의 실력에 대한 자신감을 잃은 모습을 보일 뿐만 아니라, 학업을 택하는 것도 결혼 생활과 마찬가지로 희생이 동반된다는 점을 인정한다. 나아가 자신의 과거 학업 생활에 대한 회의를 느끼고 일본으로 돌아가 공부를 마저 하는 것이 경제적, 심리적 극한 상황이 될 것처럼 여기는 태도에 이르게 된다. 여기서 신여성이더라도 기존의 여성들과 전혀 다른 삶을 추구하는 것에 대한 불안과 걱정이 있었음을 알 수 있다.  이 소설의 주인공 경희나 작가 나혜석이 여느 남성들과 같이 공부를 하기로 마음먹었을 때 그들이 마주하게 될 한계를 모르지는 않았을 것이다. 조선에서부터 시대가 요구하던 여성상은 과거 여성들의 오랜 희생으로 유지되었던 만큼, 여성이 그러한 희생에서 벗어나 학문적 성공을 바라는 것 자체가 암묵적으로는 금기시되었고 표면적으로는 별난 것이라고 여겨졌기 때문이다. 그러나 소설의 마지막 부분에서 경희가 하나님께 올리는 기도와 나혜석이 이 소설에 붙인 제목 <경희>에서부터 우리나라에서 여성의 교육권이 더 이상 별나지 않은, 보편적인 권리가 되었음을 인정해야 한다. 경희가 여성이 아닌 한 인간으로서 자신을 내세워서 금수가 아닌 인간이라면 생각하고 교육받아야 마땅하다는 결론에 이르렀을 때, 그녀와 나혜석은 자신만의 개성과 존재의 이유를 조금이나마 알아냈을 것이다. 그래서 제목 ‘경희’ 자체가 그녀의 삶에 대한 고민이자 확신의 의미를 나타낸다고 생각한다. 시대가 바뀌는 혼란 속에서 이들은 잠시 주저하기는 했지만 결국 새롭고 낯선 길을 택하였고, 그 길이 옳았다는 것을 현재의 여성들을 통해서 충분히 증명하고 있다.   "
maobi,2022/04/16,작별하지 않는다 (한강 장편소설),한강,문학동네,2021/09/09,"    다시 한강 작가님의 책을 읽을 때까지는 고민이 있었다. '소년이 온다'를 읽으며 고통스러웠던 기억이 있기 때문이다. 하지만 역시 기억해야하는 일들이기에 용기를 내서 이번 4월에 4.3사건을 다룬 이 책을 읽기 시작했다. '소년이 온다'보다는 비교적 덜 고통스럽게 읽기는 했지만 여전히 한강 작가에겐 글만으로도 참혹함을 생생하게 전달하고 내 몸까지 아파오게하는 능력이 있었다. ""엎드려 고개를 숙이기 전에 나는 자신에게 묻는다. 이것을 보고 싶은가. 병원 로비에 붙어 있던 사진들처럼, 정확히 보지 않는 편이 좋은 종류의 것 아닐까. 그러나 두 무릎과 왼손으로 바닥을 짚는다."" 주인공이 4.3자료를 보기 전 되뇌이는 말이다. 모두가 참혹하다는 것을 알고는 있지만 그 실제를 마주하기 전에는 망설여지는 것이 사실이다. 이 책을 읽기 전 나처럼 말이다. 하지만 우리는 고통스럽더라도 계속해서 기억하고 배워나가야한다. 주인공도 결국 자료를 받아들었고 나 또한 책을 읽기 시작했다.  ""내 손과 함께 흔들린 불꽃의 음영에 방안의 모든 것이 술렁인 순간 나는 안다. 이 이야기를 영화로 만들 것인지 물었을 때 인선이 즉시 부인한 이유를. 피에 젖은 옷과 살이 함께 썩어가는 냄새. 수십 년 동안 삭은 뼈들의 인광이 지워질 거다. 악몽들이 손가락 사이로 새어나갈 거다. 한계를 초과하는 폭력이 제거될 거다."" 그렇게 용기를 내서 마주하더라도 우리가 접하는 대부분의 것은 사실 그대로보다는 덜 참혹하다. 우리는 끔찍해하면서 보는 학살을 담은 영화나 소설 대부분이 훨씬 더 순화되었다. 이 부분은 늘 고민스럽다. 이 사건 자체를 널리 알리기 위해서는 충격적인 장면을 제거하는 것이 맞지만 현장을 전달하려면 더 수위가 높아야 함이 맞다. 우선 널리 알리기 위해 영화 등은 순화하지만 5.18 등도 실제 자료는 19금 판정을 받을 정도로 폭력적이고 참혹하니 우리는 영화가 전부가 아님은 기억해야한다.   ""엄마의 정신이 극도로 맑아지는 순간들이 섬광처럼 찾아왔어. (...)그럴때면 엄마는 이야기하고 또 이야기했어. 메스에 몸 가운데가 벌어진 사람처럼. 피투성이 기억들이 끝없이 쏟아져나오는 것처럼.(...)그 때 태어나지도 않았던 나를 지키려고 엄마는 턱을 떨었어(...)이상하지. 엄마가 사라지면 마침내 내 삶으로 돌아오는 거라고 생각했는데 돌아갈 다리가 끊어지고 없었어. 더 이상 내 방으로 기어오는 엄마가 없는데 잠을 잘 수 없었어. 더 이상 죽어서 벗어날 필요가 없는데 게속해서 죽고싶었어. "" 책의 후반부에 4.3 사건에 가족을 잃고 참혹함을 목격한 엄마의 이야기가 딸의 입을 통해 전달된다.  엄마는 치매를 앓았고 딸에게 이야기해주는 과정에 딸은 고통스러워한다. 나는 '엄마'가 겪은 일을 딸의 입으로 듣는 딸의 친구의 시각의 책으로 듣고 있다. 엄마의 경험해서는 무려 3-4다리를 건넌 아주 완전한 타자이다. 그럼에도 불구하고 나는 그 끔찍함이 너무 생생했다. 소설의 목적이 4.3사건의 단계를 설명하고 그 참혹함을 전달하려는데 있지 않지만 그럼에도 너무 끔찍했다. ""p읍에 있는 국민학교에 한 달간 수용돼 있다가, 지금 해수욕장이 된 백사장에서 12월에 모두 총살됐어. 모두? 군경 직계 가족을 제외한 모두. 젖먹이 아이도? 절멸이 목적이었으니까. 무엇을 절멸해? 빨갱이들을."" 한 집단을 모두 죽여버리는 것을 2차 세계대전에서는 주로 제노사이드로 나타났다. 제노사이드는 인종을 기준으로 한 것이었는데 그 기준이 합리적이라는 것은 아니지만 적어도 어떤 다른 대상을 대하고 있다는 점에서 이해는 할 수 있다. 하지만 제주 4.3은 같은 얼굴, 같은 생김새를 한 동포끼리 일어난 일이라는 점에서 참 이해하기가 어렵다. 계속해서 되묻는 친구의 입장이 이해가 되었다. '빨갱이'는 아이, 노인, 여성을 가리지 않고 죽일 이유가 되었다. 우리 사회에서 '빨갱이'의 영향력은 지대해서 꽤 오랬동안 4.3사건은 교육되지 않았고  심지어 일각에선 아직도 오해하고 있으며 간첩은 누구든지 마구 잡아들이고 노동을 시키고 죽일 이유가 되어주었다. 그 공포의 대상 빨갱이를 설정함으로써 군부정권들은 마음대로 권력을 행사하였고 30년이 넘는 군부통치하에서 아직도 빨갱이의 그림자는 완전히 없어지지는 않았다.""내 기척에 엄마가 돌아보고는 가만히 웃으며 내 뺨을 손바닥으로 쓸었어. 뒷머리도., 어깨도, 등도 이어서 쓰다듬었어. 뻐근한 사랑이 살갗을 타고 스며들었던 걸 기억해. 골수에 사무치고 심장이 오그라드는... 그 때 알았어. 사랑이 얼마나 무서운 고통인지"" 엄마는 삼촌을 찾으려 제주에서 경산까지 돌아다니며 실종된 가족을 찾기 위해 길게 투쟁했다.  빨갱이라는 잘못된 대상을 설정하는 것을 짧았지만 그 오해를 치우기 위해서는 오랜 시간이 걸렸으며 사람들을 학살하는 것은 구덩이를 파고 총을 쏘는 순간이었지만 실종된 가족의 생사를 모른 채 소식이라도 접하기 위해서 혹은 시체라도 찾기 위한 노력은 30년이 넘는 시간 동안, 아니 아직도 노력하고 있는 사람들도 있다.  그렇게 오랜 시간 기억하고 노력할 수 있는 이유는 오직 사랑이다. 작가는 이것이 지극한 사랑에 대한 소설이길 바란다고 밝혔다. 엄마의 투쟁을 듣는 나는 지극한 사랑을 느꼈고, 그 엄마의 투쟁을 전달해주는 딸과 정신이 온전하지 않은 순간에도 딸을 지키려 하는 엄마를 통해 사랑을 느꼈다. 피해 가족들의 노력을 사랑의 눈길은 아니더라도 적어도 부채감으로 우리는 지켜보고 응원해야만 한다고 생각한다.   ""나는 바닷 고기를 안 먹어요. (중략) 그 사람들을 갯것들이 다 뜯어먹었을 거 아닙니까?"" 4.3사건은 끝났어도 그 기억은 이어지고 있다. 피해자들만의 기억이 되지 않고 우리 모두의 기억이 되어야할 것이다. 코로나 이후 관광지로 더욱더 각광받는 제주도에서 4.3도 추모해주길 간절히 바라본다.    "
maobi,2022/04/15,악의 마음을 읽는 자들 (국내 최초 프로파일러의 연쇄살인 추적기),권일용|고나무,알마,2018/09/28,"    이 책은 국내 최초 프로파일러 도입기를 담고 있다. 대부분의 조직이 그렇지만 특히 공무원 조직은 일명 '철밥통'이라 불리며 혁신적인 변화가 어려운 조직으로 손꼽히고 있다. 국내 연쇄 살인 사건들이 발생하기 전에 먼저 프로파일링의 중요성을 깨닫고 팀을 꾸렸던 윤외출 경무관님부터 국내 1호 프로파일러로 익히 알려져 있는 권일용 경장님의 고군분투가 담겨있다. 따라서 책을 읽을 때 나는 연쇄 사건들의 끔찍함, 범죄의 진행 및 해결 방식보다 '조직'에 초점을 맞춰서 읽게 된 것 같다. 낡은 조직에 새로운 방식이 적응해가는 방식에 초점을 맞춰 읽으면서 몇 가지 마음에 와 닿았던 구절들이 있다.""낡은 조직이 가장 싫어하는 것은 나쁜 방식보다 낯선 방식이 아닐까"" 이 책을 통과하는 가장 주된 글이라고 생각한다. 범죄는 점점 더 잔혹해지고 사람들의 이해를 벗어난 이유로 즉, 우리가 이해할 수 없는 사이코패스가 등장하기 시작했다. 사이코패스도 무섭지만 더 답답한 것은 경찰청에서  프로파일링의 중요성을 이해하지 못하는 것이었다. 익숙하지 않은 그들의 존재는 비난 받았고 프로파일링 보고서는 무시 당했다. 그들의 예측은 맞아도 무당이라고 놀림 받았다. 이것은 무엇보다 프로파일링에 대한 이해가 적었던 탓이 크다. '경찰'과 '심리학자' 중간에 있다고 생각되는 그들은 그 어느 쪽에서도 환영받지 못한 것이다. 그래도 포기하지 않고 그들은 그들 존재의 이유를 밝혀냈다.  낯선 방식을 택하느니 익숙하고 나쁜 방식을 택하는 것은 비단 조직의 문제만이 아니다. 나도 새롭고 좋은 생활 습관들을 알면서도 익숙하고 나쁜 본래의 생활 습관으로 계속 돌아가곤 한다. 선택의 순간이 올 때 대다수의 사람들이 낯선 것을 선택하지 않는다. 하지만 어떤 방향으로든 나아가려면 새로운 것을 선택해야하며 적어도 그들에게 귀 기울여보아야한다. ""미국이나 영국도 1970년대부터 시작된 신자유주의가 사람들을 황폐하게 만들고 있다고 봅니다. 모든 것이 경제적 가치로 환산된 성과로 판정되는 가치관이 사회를 지배하고 있잖아요. 김대두를 낳은 것도 이런 흐름과 무관하지 않겠죠. 현재도 마찬가지 입니다."" 과거에는 개인적인 원한이 있는 사람들이 살인 사건을 일으켰다. 하지만 2000년대부터 돈 혹은 치정 등의 개인적인 원한을 바탕으로 한 범죄에서 벗어나서 아예 모르는 사람을 아무런 이유 없이 잔인하게 죽이는 범행이 시작된다. 나는 어려서부터 '묻지마 범죄' 등을 뉴스에서 들어 익숙했기 때문에 모르는 사람에게 위해를 가하는 행위가 새롭게 등장했으며 낯선 개념이라는 것이 놀라웠다. 도시화와 산업화로 익명성이 강해지고 경제적 가치로 성과를 판정하면서 '사회'자체에 불만을 품은 범죄자들이 생겨났다는 것이다. 나도 모르게 모르는 사람에 대한 공격성이 자연스러운 것으로 인식됐던 것이 놀라웠다. 강호순 사건 등은 호의동승을 한 여성들을 상대로한 범죄였다. 처음엔 '왜 모르는 사람의 차를 탔을까?'라는 안일한 생각도 들었던 것이 사실이다. 하지만 당시 그 지역은 버스 배차 시간이 길고 호의동승이 문화였던 것이다. 이미 내가 살던 시대에는 낯선 이에 대한 경계가 만연했지만 과거에는 이웃 사촌으로 다가왔던 것이다. 범죄자들이 죽인 것은 피해자 뿐만이 아니라 그러한 문화와 사회에 대한 신뢰이다.""감식 요원은 발자국 자체를 감식하고, 프로파일러는 발자국이 난 방향을 본다."" 프로파일러가 현장에 가자 감식 요원도 아니면서 현장에 간다는 핀잔을 듣는다. 하지만 그들도 현장을 보고 느껴야만 한다. 이 글은 프로파일러와 감식 요원의 차이점은 분명하게 집어준 것이다. 사실 비슷한 일을 하는 것 같지만 완전히 다른 것을 주시하고 있는 것이다. 나는 앞으로 사회 대부분의 직업들이 이렇게 세분화 될 것이라고 생각한다. 점점 전문적인 분야를 가지고 세분화되어서 나아갈 때 선진적인 조직이 될 수 있다고 생각하기 때문이다. 하지만 그렇게 세분화를 하다 보면 분명 어떤 영역이 겹치는 것 같다고 느껴 분쟁이 일어날 수 있다. 그럴 때에는 차이점을 더 주목하여 각자의 분야를 인정해주어야만 한다. ""일과 직장은 고무공이에요. 가족, 사랑, 친구, 행복, 이런 것들은 유리공이고요. 공놀이를 할 때 고무공은 떨어뜨려도 다시 올라와요. 그런데 가족, 사랑, 행복 이런 건 유리공이라서 한 번만 떨어뜨려도 깨져버리죠."" 이렇게 프로파일러 조직이 경찰청에 어렵게 뿌리내리고 있을 때 반대로 권일용 경장은 자식들을 잘 챙기지 못했다고 후회하고 있다. 분명 두 마리 토끼를 다 잡기는 어렵지만 이렇게 애써주신 분들 덕분에 지금 조직에 성공적을 적응한 프로파일러들이 있는 것이라 생각해 감사했다. ""내가 바라는 건 정체된 이 문화가 거센 바람을 걷으며 앞으로 나가 빛을 발하는 것"" 사실 나 또한 새로운 것에 대해 겁을 가지고 있다. 하지만 새로운 것을 받아들여야 어떤 방향으로든 나아갈 수 있다. 나아가서 후회를 하고 다시 재정비를 할 수도 있고 프로파일러 조직처럼 선택한 것에 만족할 수도 있다. 어찌 되었든 받아들여야 진전이 있는 것이고 받아들이지 않으면 그저 도태될 뿐이다. 이렇게 보면 또 너무 진화론적인 관점일 수도 있는데 개인적으로 발전의 방향과 단계가 있다고는 생각하지 않는다. 어떠한 발전 단계를 이루기 위해 새로운 것을 받아들이고, 못 받아들인 조직은 도태될 것이라는 의미가 아니라 '새로운 것을 언제든지 받아들일 열려있는 마음' 자체가 중요하다는 것이다. 그래야 중요한 순간에 바뀔 수 있다. 예를 들어 사이코패스형 범죄의 출연을 예상하고 프로파일링 조직을 만든 윤외출 경무관님의 의견 덕에 2000년대 초반 연쇄 살인 사건에서 프로파일러들은 활약할 수 있었다. 윤외출 경무관님의 의견을 아예 경찰청이 무시했다면 연쇄 살인 사건 이후에 프로파일러 조직을 만드는 즉 소 잃고 외양간 고치는 격이 되었을 것이다. 열린 마음으로 받아들이고 중요한 순간에 바뀌는 것이 조직 입장에선 중요하다. 그렇다면 조직에 적응해야하는 새로운 분야 입장에서는 무엇이 중요할까. 놀림을 받아도 묵묵히 보고서를 계속 제출한 것처럼 우선 묵묵히 일하는 것이 중요하다. 그 보고서가 맞아들었을 때 신뢰가 생성되었 듯이 계속 자신의 분야를 꿋꿋하게 지키면서 일을 하면 신뢰성이 올라갈 것이다. 또한 '차이'를 어필하는 것이 중요하다. 감식요원과의 차이점을 명확히 말했듯이 이 분야만의 일을 이야기하고 절대 다른 분야는 할 수 없는 일임을 설득해야한다. 받아들여주는 조직도 힘들겠지만 적응할 새로운 분야도 엄청난 인내심을 요한다. 조금 더 많은 조직들이 열려있고 더 많은 청년들이 새로운 아이디어를 내주길 바라본다.    "
석양,2022/04/14,인간에 대하여,마광수,어문학사,2016/04/29,"    문제 해결의 출발은 문제를 정확하게 이해하는 것에서 시작해야 한다. 우리가 살아가면서 겪는 고통과 고뇌는 그리 해결되기 쉬운 문제는 아니지만, 자기 자신의 존재에 대한 오해 때문에 그 해결에서 더욱 멀어진다. 특히 우리 나라와 같이 온전히 스스로에게 집중하지 못하고 주위의 시선에 종속 당하는 문화가 뚜렷한 곳에서는, 고뇌와 고통의 근원인 자기 자신에 대해 깊이 생각할 수 없어 근본적인 해결책을 찾기 어렵다. 요즘은 조금 덜한 것 같지만, 우리 나라 사람들은 남들이 우러러 보는 직업을 가지거나, 돈을 많이 벌거나, 명예를 얻는 데에 특히 혈안이 되어있는 듯 하다. 우리나라 사람들은 진정한 해결은 보지 못한 채 끌려 다니기만 할 뿐이다. 인문학에 대한 고민과 스스로가 어떤 사람인지 돌아서서 물어보는 자세가 필요한 이유다. 그렇다고 인문학에 대한 지식을 쌓거나 지적인 능력을 높여야 한다는 것이 아니다. 내가 말하는 인문학과 스스로에 대한 공부는 자기 자신에 대해서 정말로 솔직해지는 시간을 가져보는 것이다. 학문적 권위가 있는 책이라고 해서 더욱 좋은 책이 아니고, 다른 사람들의 존경을 받을 수 있다고 해서 좋은 지식이 아니다. 우리의 고통과 고뇌에 더욱 깊이 다가가기 위해서는 조금 더 솔직해질 필요가 있다. 하지만 일말의 거짓도 없이 자기 자신에 대해서 솔직하게 털어놓는 책은 정말 드물다. 우리가 아무리 책을 통해 스스로를 치유하려 해도 그러기 어려운 이유이다. 사람들은 그런 책들만 주위에 있으니 자기 자신의 진정한 문제에 대해 오해와 오해를 거듭하면서 착각 속에 살아가게 된다. 마광수의 '인간에 대하여'는 우리 스스로에 대해 솔직하게, 진지하게 되돌아보고 사회가 감추고 있는 고통과 문제의 근원을 생각할 수 있게 해준다. 물론 이 책을 읽는다고 문제가 말끔히 해결되는 것은 아니지만, 그리고 이 책이 문제에 대한 해결책을 찾아주는 것도 아니지만, 문제에 대한 실질적인 고민의 첫 단추를 잠그는 데 도움을 준다.   "
킹고선비,2022/04/10,나의 한국현대사 1959-2020,유시민,돌베개,2021/01/20,"   59년생 ‘68세대’의 회고록을 읽은 97년생 ‘MZ세대’의 감상문    몇 년 전부터 유행처럼 번진 ‘MZ세대’라는 세대 구분은 내게 그리 공감되는 말이 아니다. 내가 MZ세대에 속하는 것은 분명한데, 언론이 정의하는 MZ세대의 성격이나 특징은 내가 생각하는 내 모습과는 전혀 다르기 때문이다. 그런데 어느 신문사의 기사를 보니 이처럼 명확히 정의할 수 없다는 점마저 MZ세대의 특징이란다. 그렇구나. 요즘 유행하는 MBTI를 믿지 않는 사람은 그런 MBTI를 가졌기 때문이라던데 그런 느낌인 걸까. 이게 대체 무슨 말인지 잘은 모르겠으나 뭔가 포스트모더니즘 같다.  단순히 태어난 시기에 따라 세대를 나누는 구분법에 공감하지는 않지만 그렇다고 이것이 완전 무용한 것은 아니라고 생각한다. 민주주의가 성숙해져 감에 따라 개별 대상을 그것이 속한 집단을 근거로 하여 정의 내리는 것을 우리는 경계하게 되었다. 특히 사회학을 전공하는 나는 그런 식의 조심스러운 접근에 익숙하다. 그러나 동시에 경향성이라는 것을 완전히 배제할 수는 없다는 점도 배웠다. 예를 들어서, 남자를 사랑하는 남자는 분명 실재한다. 그렇다고 ‘남성은 일반적으로 여성을 사랑한다’와 같은 문장을 하나하나 지적하고 문제 삼기 시작하면 큰 틀에서의 논의가 진행되지 않는다. 68세대, MZ세대와 같은 세대 구분도 이런 차원에서 이해하고 넘어가야 한다고 생각한다.  책은 역사가 인간의 욕망에 의해 추동된다는 점을 독자에게 반복적으로 상기시킨다. 나는 이 의견에 전적으로 동의한다. 내가 지겹도록 배운 마르크스주의. 그리고 그것의 하위 분과라고 볼 수 있는 레닌, 스탈린주의나 마오쩌둥주의 등등. 공산당 혁명을 통해 국가를 재건하여 모든 인민이 평등하게 사는 사회를 구축하겠다며 천명하고 나선 여러 국가들이 실패한 결정적인 이유는 바로, 인간의 욕망을 인정하지 않았기 때문이다. 우리는 모두 욕망을 갖고 산다. 단지 그 욕망의 종류 혹은 욕망을 성취하고자 하는 정도의 세기가 각 개인마다 다를 뿐이다.  저자인 유시민 작가는 본인을 ‘68세대’로 정의했다. 그리고 이 책은 그가 속해 있는 68세대가 이전 세대인 산업화 세대에 대항하여 어떻게 대한민국에 민주화를 피워냈는지를 설명하는 책이다. 간단히 요약하자면 산업화 세대는 해방, 그리고 전쟁 이후 언제나 먹고 자는 문제에 골몰했다. 매슬로우의 이론에 따르면 가장 낮은 단계의 욕망을 추구하고 있었던 것이다. 자랑스럽게도 그들은 매우 성공적으로 그 욕망을 성취해냈다. 경제개발 5개년 계획, 새마을 운동으로 대표되는 산업화 이후 한국은 먹고사는 문제를 그럭저럭 해소해 낼 수 있었다.  이후 68세대가 등장했다. 이들은 이전 산업화 세대에 비해 의식주 문제에서 자유로웠다. 가장 낮은 단계의 욕망을 충족하고 나니 한국 사회는 다음 단계의 욕망을 갖게 되었다. 68세대는 단순히 먹고사는 문제를 넘어 하나의 인간으로서 존중받고 싶어 했다. 자기 손으로 지도자를 선출하고 싶었고 민주주의의 기본 가치인 주권재민을 실현시키고자 했다. 그리고 이들 또한 스스로의 욕망을 이뤄냈다. 4.19혁명, 87년 6월 민주 항쟁 등 일련의 과정을 거쳐 대한민국이라는 불모지에 민주화의 장미를 꽃피웠다. 책은 68세대가 민주화를 쟁취해 내는 과정을 아주 세세한 부분까지 담아내고 있다.  나는 2022년 서울 상계동 우리 집에서 이 회고록을 읽으며 우리 세대가 나아가야 할 방향에 대해 고민했다. 세대, 국가, 이념. 이런 거대 서사들이 한 물 간 낡은 개념으로 치부되고 오직 개인의 삶과 신념만이 쿨한 것으로 여겨지는 지금, 나의 이런 고민은 대세를 거스르는 것일지도 모르겠다. 요즘 말로는 꼰대 같은 생각이려나. 하지만 나는 ‘개인’이 절대적인 힘을 갖게 된 지금이야말로 ‘우리’의 의미를 되새겨 봐야 할 때가 아닌가 생각한다.  우리는 68세대의 눈부신 성취 이후에 태어났다. 우리는 자유와 평등과 같은 민주주의의 기본 가치를 책에서 보는 것에 그치지 않고 실제 삶 속에서 향유하며 자라는 행운을 누렸다. 97년생인 나는, 지금껏 언제나 자유로웠다. MZ세대로 함께 엮이는 내 또래 친구들도 대부분은 그랬을 것이라 생각한다. 우리는 잘 먹고 따뜻한 곳에서 잤으며, 인간으로서 충분히 존중받으면서 자랐다. 그렇기에 우리는 더 높은 단계의 욕망을 갖는다. 아마 그것은 자아실현이라는 꿈일 거다. 나 자신에 온전히 집중하고, 내 속에 잠들어 있는 본질인 자아를 실현해 내는 것. 우리는 이를 삶의 목표로 하여 각자의 내면에 충실하게 침전해 나가는 중이다. 그리고 이 과정에서 ‘개인’이 최우선 가치로 놓이게 된 것이 아닐까 짐작해 본다.    우분트라는 말이 있다. 어느 아프리카 부족의 언어인데, “당신이 있기에 내가 있습니다”라는 뜻이다. 나는 MZ세대로서 MZ세대와 함께 살아가며 이 말을 떠올릴 때가 많다. ‘나’밖에 없는 세상에서는 내가 존재할 수 없다. 주말이라는 달콤한 휴식이 역설적이게도 월요일이 있기 때문에 존재할 수 있는 것처럼. 그런데 요즘 우리 사회는 매일매일 월요일처럼 짜증이 가득하다. 어디서든 싸우고 누구와도 다툰다. 인터넷 커뮤니티는 물론이고 인터넷 기사의 댓글창과 SNS에는 혐오 표현이 만연하다. 심지어 남녀 갈등 문제로 다투다가 실제로 헤어지는 연인도 있단다. 이는 모두 ‘너’의 부재 탓이다. 우리가 자신에게 집중하는 시간이 늘면서 타인을 생각하는 시간은 그만큼 줄어들었다. ‘너’의 의미가 희미해지니 자연스럽게 ‘우리’라는 의식도 점점 옅어지기만 한다.  돌이켜 보면 선배 세대의 성취 이면에는 당시 구성원들이 외면한 어두운 현실이 있었다. 산업화는 독재 정권의 주도 아래에 친일파 청산의 기회를 포기하며 일군 기적이다. 민주화 또한 운동권 조직 내의 숱한 폭력과 여성에 대한 억압을 자양분 삼아 피운 꽃이다. 역사는 반복된다. 언제나 성취는 과오를 동반한다. 감히 예상해 보건대 우리가 개인 숭배를 계속 이어간다면 혐오와 갈등으로 얼룩진 시대였다는 미래 세대의 평가를 피하기는 어려울 것이다.  하지만 미래 세대의 평가니 우리의 가치니 하는 것들을 냉소적으로 비웃는 것이 하나의 트렌드처럼 되어버린 지금이다. 참 살기 팍팍한 세상이다 싶다. 물론 나 또한 이 시대를 살아가는 한 명의 대학생일 뿐이다. 그런 내가 이러니저러니 우리 사회를 평하는 것은 참으로 가소로운 일일지도 모르겠다. 다만 나는 유시민 작가가 책을 마무리하며 그랬던 것처럼, 이 시대를 함께 살아가는 나의 벗들에게 한 마디 외치며 글을 마무리하고자 한다.  “우분트. 당신이 있기에 내가 있습니다.”   "
밤톨이,2022/04/09,세계명작 단편소설 모음집,알퐁스 도데,시간과공간사,2009/03/15,"   십 년도 더 전에 샀던 단편소설 모음집을 다시 꺼내 들었다. 유년의 내게 버겁게 느껴져 미처 다 읽지 못했던 작품들이 많았기 때문이다. 군데군데 누렇게 바래 있는 페이지를 보며 흘러온 세월을 느꼈다. 처음 보는 작품도 여럿 있었고, 내가 그동안 줄거리를 잘못 알고 있었던 작품들도 많아서 좋았다. 나도 스스로 만족할 만한 단편을 하나 쓰고 싶다는 생각이 들었다. 인상 깊었던 몇몇 단편들에 대한 간략한 소감을 학우들과 나누고자 한다. 마지막 수업 - 알퐁스 도데 -: ‘한 나라가 다른 나라의 지배를 받게 될지라도 자기 말만 잘 간직하면, 그것은 자유의 열쇠를 가지고 있는 것과 같다’는 아멜 선생님의 말씀이 와 닿았다. 대한민국도 결국 우리말이 있었기 때문에 일제의 식민 지배를 받는 동안 우리의 민족 정체성과 뿌리를 지킬 수 있었다. 한글이 정말 쉽게 낭비되는 사회를 살고 있다. 매체를 통해 끊임없이 흘러나오는 거친, 외설적인 표현들에 깊은 피로를 느낀다. 적어도 나만큼은 꼭 우리말로 된 아름다운 몇 마디의 문장을 지키는 사람이 되고 싶다······. 별 - 알퐁스 도데 -: 별, 목동, 양, 순결, 소나기 등의 아름답고 순수한 단어의 배열 덕분에 작품은 시종일관 평온한 분위기를 유지할 수 있었다. 따뜻한 문장과 표현도 많아서 좋았다. 목동이 비에 젖어 추위에 떠는 스테파네트 아가씨를 위해 새 짚을 깔고, 염소 모피를 덮어주고, 모닥불 앞에 나란히 앉아 별자리에 대한 이야기를 해줄 때, 그 동작 하나하나에 얼마나 깊은 애정과 섬세함이 묻어있는지 선명히 느낄 수 있었다. 누군가를 정말 사랑할 때, 그 사람이 길 잃은 별처럼 보이나보다. 바라만 봐도 설레고, 지켜주고 싶은 그런 별말이다······. 비곗덩어리 – 기 드 모파상 -: 작중 인물인 창녀의 별명은 ‘불 드 쉬프’이다. 이를 직역하면 ‘비곗덩어리’를 뜻하는데 그녀가 나이에 맞지 않게 뚱뚱했기 때문이다. 작품을 다 읽고 나니 ‘비곗덩어리’는 그녀의 외양을 잘 묘사할 뿐만 아니라, 주제의식을 잘 담고 있기 때문에 저자가 이를 작품의 제목으로 설정했다는 생각이 들었다. 적군인 프러시아 군을 피해 르앙에서 르 아브르로 가는 마차에 탄 세 명의 상류층 백작과 그들의 부인, 불 드 쉬프, 솜 장수, 그리고 두 명의 수녀. 백작 무리는 그들의 고결함을 지킨답시고 창녀인 불 드 쉬프에게 말을 잘 건네지도 않고, 속으로 얕잡아 보기까지 한다. 불 드 쉬프를 제외하고 마차에 탄 이들은 미처 식량을 챙기지 못했었고, 시간이 흘러 깊은 허기를 느낀다. 마침 불 드 쉬프는 바구니에 맛있는 음식을 챙겨 왔었고, 자신의 음식을 마차에 탄 사람들과 나눈다. 음식을 받고 나서야 몇몇 사람은 불 드 쉬프에게 친근하게 다가가고, 몇 명은 마지못해  받는 체하며 음식을 개걸스레 먹는다. 뒤이어 마차는 프러시아 군에 붙들리고, 프러시아 장교는 불 드 쉬프가 자신과 잠자리를 갖지 않는다면, 마차에 탄 이들을 결코 보내줄 수 없다고 한다. 마차에 탔던 일행은 여관에 체류되는 처지에 놓인다. 이들은 프러시아 장교의 제안에 대해 처음엔 망설이다가, 결국 본색을 드러낸다. 어차피 창녀인 불 드 쉬프는 남자를 가릴 이유가 없고, 대의를 위해 희생하는 게 마땅하다는 것이다. 더 나아가 그들은 역사 속에서 조국을 위해 희생한 여러 여자들의 일화를 예시로 들며, 불 드 쉬프를 설득한다. 마차에 탄 이들의 등쌀에 떠밀려 불 드 쉬프는 결국 자신이 극도로 혐오했던 프러시아 남자와 잠자리를 갖고, 덕분에 마차는 다시 르 아브르를 향해 출발한다.인간의 이기심과 천박함을 적나라하게 드러낸 작품이었다. 성숙한 의식과 인격이 뒷받침되지 않는다면, 재력과 계급이 허울뿐이라는 생각이 든다. 도움이 필요할 땐 한없이 빌빌대면서, 다른 한편으로는 자신의 안위를 위해서 한 개인을 무참히 짓밟아버리는 인간의 행태가 얼마나 지독히도 역겨운가. 비곗덩어리는 살점과 붙어 있다가도 버려지거나, 살코기와 동등한 취급을 받지 못한다. 나는 과연 지금껏 누군가에게 희생을 강요하지는 않았는지, 속으로 미묘한 우월감을 느끼면서 도움이 필요할 때만 다가서지는 않았는지, 타인을 ‘비곗덩어리’로 취급하진 않았는지······. 목걸이 – 기 드 모파상 -: 모파상이 천재 작가라는 생각이 든다. 짧은 플롯으로 인간의 민낯을 고스란히 드러낸다.  그의 작품을 읽다 보면 가벼운 탄식을 내뱉지 않을 수 없다. ‘목걸이’는 타인의 시선을 지나치게 의식한 나머지, 자신의 일상을 증명하려 끊임없이 발버둥 치는 많은 현대인들에게 시사하는 바가 굉장히 큰 작품이었다.얄팍한 허영심으로 인해 젊음과 아름다움이라는 그 어떤 것으로도 보상받을 수 없는 대가를 치른 한 여자의 아이러니. 타인에게 아름다워 보이고 싶고, 품위 있어 보이고 싶은 것은 인간의 당연한 욕구다. 다만 그 욕구가 지나치게 왜곡되거나 과장되지는 않았는지 의심해 볼 필요가 있다. 자칫하면 기구한 운명을 맞이할지도 모르기 때문이다······. 귀여운 여인 – 안톤 체호프 -: 누군가를 사랑하게 되는 순간, 그 사람과 자신을 완전히 동일시하는 여인 올렌카. 사랑에 빠진 그녀는 애인의 생각을 좇고, 그 사람처럼 말하고 행동한다. 급기야, 사랑하는 사람이 사라지자, 자신의 생각이 사라져버리기까지 한다. 그 어떤 것에 대해서도 자신의 고유한 생각을 표현하지 못한다.사랑하는 사람이 내 삶의 정말 큰 부분을 차지한다 하더라도, 나는 자의식을 잃지 않도록 노력해야겠다. 인간은 어느 순간에 이르러서는 결국 고독을 맞이하기 때문이다. 베니스의 상인 – 셰익스피어 -: 유년의 나에게는 유태인 고리대금업자 샤일록이 나쁘게만 느껴졌다. 십 년이 넘는 시간이 흘러 ‘베니스의 상인’을 다시 읽으니, 샤일록이 안쓰럽게 보이는 건 내가 때 묻은 인간이 되었다는 증거일까. 돈을 빌려줄 때는 그냥 빌려주지만, 빌려준 돈을 도로 받으려 할 때는 엎드려서 절을 해야 하는 경우를 주변에서 많이 보고, 경험했다. 나 역시 남에게 돈을 빌릴 때는 아무렇지 않았지만, 빌린 돈을 갚을 때는 괜스레 맘속에 심술이 피어나곤 한다. 돈을 빌려준 것에 대한 대가로 이자를 받고, 돈을 끝까지 받아 내어 자신의 몫을 지키는 샤일록은 지극히 합리적이고 온당한 인물이 아닌가. 내게는 오히려 유태인이라는 이유로 샤일록에게 침을 뱉고, 샤일록과의 계약을 지키지 못한데도 불구하고, 아무런 처벌을 받지 않은 안토니오가 부당하게 느껴졌다. 검은 고양이 – 에드거 앨런 포 -: ‘검은 고양이’는 도덕성을 배반하고 싶은 욕구, 스스로를 파멸로 몰아넣음으로써 묘한 쾌락을 느끼고. 승리감에 취해 자신의 비행(非行)을 열렬히 폭로하고 싶어 하는 원시적인 인간 본성을 탁월하게 그려낸 작품이었다. 설명할 수 없는 악에 대한 친밀감은 지극히 인간적인 감정일지도······. 마지막 잎새 – 오 헨리 -: 아름답지도, 탁월한 그림 솜씨가 돋보이지도 않지만 타인에게 삶을 포기하지 말라는 희망을 주었기에 걸작인 ‘마지막 잎새.’ 크리스마스 선물 – 오 헨리 -: 각자가 가진 가장 소중한 걸 팔아 서로에 대한 사랑을 확인했다. 가난한 연인들이 빚어낸 아름다운 실수. 20년 후 – 오 헨리 -: 만약 내가 경찰이라면 20년 전에 했던, 다시 만나자는 약속을 지키기 위해 천 마일을 기꺼이 달려온, 그러나 지명 수배자가 되어 온 친구를 반길 수 있을까. 우정과 책임 사이의 딜레마를 잘 보여준 작품이었다. 탕아 돌아오다 – 앙드레 지드 -: 누군가의 동생, 재산 상속자 등 자신을 규정하는 것들로부터 벗어나 향락과 참된 자아를 좇아 부귀와 안락한 집을 두고 긴 여행을 떠난 탕아. 하지만 육체적 한계를 느끼고, 온갖 수모를 겪은 나머지 결국 그리던 집으로 돌아온다. 비록 탕아 자신은 자유를 찾는데 실패했지만, 그는 유년의 자신을 똑 닮아 마찬가지로 먼 여정을 떠나려는 막냇동생을 순순히 보내준다.  탕아의 이러한 행동은 자유와 진정한 자아를 찾기는커녕, 더 큰 갈증을 느낄지라도 우리는 자유와 자아를 찾기 위해 노력해야 함을 역설한다. 내가 누구인지에 대한 물음에 대한 해답을 쉽게 내리지 않는 인간이 되고 싶다. 무의미해보일지라도, 나를 단순하게 규정하는 것으로부터 벗어나기 위한 몸짓을 멈추지 않는 그런 인간 말이다. 밀회 – 투르게네프 -저자는 도입부의 싱그러운 자연에 대한 묘사로 사랑하는 연인을 기다리는 소녀의 설렘을, 파리해지고 싸늘해진 자연에 대한 묘사로 이별의 서글픔을 드러낸다. 이 작품을 통해 만남과 이별이라는 단순한 플롯에조차 인물과 주변 풍경에 대한 묘사를 통해 풍부한 색감을 더할 수 있음을 느꼈다. 사람은 무엇으로 사는가 – 레프 니콜라예비치 톨스토이 -: 자신에게 진정으로 필요한 것을 알지 못하는 불완전한 존재들이 서로 어울려 세상을 살아갈 수 있는 동력이 바로 ‘사랑’이라는 톨스토이의 메시지.  큰 바위 얼굴 – 나사니엘 호손 -: 인간을 빛나게 하는 것은 부자의 재산도, 무사의 칼도, 둘을 합친 것보다 더 강력한 한 개의 혀도 아니다. 바른 인격을 갖추고, 그에 걸맞은 언행과 습관을 행할 때야 비로소 인간은 빛난다.  외투 – 고골 -: 권위의식에 찌든 고위 관료의 ‘갑질’과 관료제 사회의 꽉 막힌 절차 주의가 부른 비극. 원유회 – 캐서린 맨스필드 -: 세상의 눈물의 양은 항상 같다는 어느 희극 대사가 떠오르는 작품이었다. 가난한 이웃의 죽음에도 불구하고 원유회를 연 로라네 가족. 음악을 틀고, 맛있는 음식을 나누며 잔치를 즐기는 것도 모자라 원유회가 끝나고 남은 음식을 위로차 장례를 치르고 있는 이웃에게 보내는 행태는 타인의 슬픔에 온전히 공감하지 못하는 마비된 인간성을 잘 보여준다. 인생이란 결국 내가 웃고 있을 때 누군가는 눈물을 흘림으로써 균형을 맞추는 저울이 아닐까. 가난한 사람들 – 빅토르 위고 -당장 내일 먹을 것이 없어 막막한, 찢어지게 가난한 이들이 버려진 아기들을 향해 연대의 손길을 내미는 모습을 보며 나 자신이 부끄러웠다. 진정으로 가난한 이는 과연 누구일까······. 고향 – 루쉰 -: 어릴 적 자신에게 모험에 대한 환상을 심어주던 영웅이자 친구였던 룬투. 수십 년의 세월이 흘러 마지막으로 고향을 방문해 룬투를 다시 만났지만 빈부와 계급 차이로 인해 그는 자신을 도련님이라 부르며 존댓말을 쓰고, 연신 굽신거린다. 급기야 이삿짐 정리를 돕는다는 명목으로 자신의 접시와 그릇을 훔친다. 둘 사이엔 이미 보이지 않는 커다란 장벽이 놓여 있었고, 유년의 순수함은 더 이상 남아있지 않았다. 작품은 주인공이 조카 훙얼과 룬투의 아들 쉐이성이 만남을 기약하는 모습을 보며 이 아이들만큼은 단절을 겪게 하지 않았으면 하는 희망을 품는 것으로 끝난다. 저자 루쉰은 이러한 결말을 통해 우리 앞에 놓여 있는 과제가 무엇인지를 깨닫게 해준다. 변신 – 프란츠 카프카 -: 가족의 생계를 책임 지던 이가 하루아침에 벌레로 변한다면? 주인공 그레고르는 자신이 벌레로 변하고 나서조차 가족의 생계와 결근한 자신을 사장이 해고하지 않을까에 대해 걱정한다. 독자 입장에서는 미칠 노릇이다. 그동안 일을 할 수 있었음에도 의자에 누워만 있던 그레고르의 아버지는 그레고르가 벌레로 되어 더 이상 생계를 책임지지 못하자, 스스로 멋진 제복을 입고 일을 시작한다. 그리고 그는 가장 매몰차게 아들을 대하고 상처를 입힌다. 결말에 이르러 그레고르는 가족들로부터 버림받아 방 안에 갇혀 쓸쓸한 죽음을 맞는다. 그레고르가 죽자 비로소 편안함을 느끼는 가족들······.‘변신’은 굉장히 상징적인 작품이었다. 그레고르가 벌레로 변하고 나서야, 그의 존재 이유와 존재 가치가 경제력에 달려있었음이 드러난다. 벌레로 변한 자신에게 실존적 질문이 아닌, 경제생활에 관한 질문만 끊임없이 던지는 그레고르의 모습은 인간 소외를 잘 보여준다. 인간은 정녕 일을 하고, 가족의 생계를 부담하기 위해 존재하는 것일까.   "
밤톨이,2022/04/09,"진이, 지니",정유정,은행나무,2019/05/27,"   좋아하는 책이 무어냐는 질문에는 자신 있게 답할 수 있지만 좋아하는 작가가 누구냐는 질문에는 선뜻 대답하기 어려운 것 같다. 적어도 내겐 그렇다. 특정 작가가 집필한 소설을 몇 권이나 읽어야 감히 좋아한다고 말할 수 있는지를 잘 모르겠고, 특정 작가의 작품만을 고집하지도 않기 때문이다. 그래도 되도록 이 작가의 소설만큼은 다 읽으려고 노력하는, 내게 하나의 강박처럼 굳어버린 작가가 있다. 바로 ‘정유정’이다. 『7년의 밤』, 『28』, 『종의 기원』, 『내 심장을 쏴라』, 그리고 이번에 읽은 『진이, 지니』까지 합치면 정유정의 작품을 무려(?) 5권이나 읽은 셈이다. 이 정도면 좋아하는 작가에 대한 물음에 ‘정유정’이라 자신 있게 말해도 되지 않을까·····. 『진이, 지니』는 우리가 사는 현실 세계의 틀을 벗어나지 않던 기존 정유정의 작품들과 달랐다. 보노보 ‘지니’의 몸속에 들어간 인간 ‘진이’의 영혼이 벌이는 사흘간의 삶의 투쟁이라는 비현실적인 설정이 소설의 바탕을 이룬다. 그렇기 때문에 환상적이고, 강렬하고, 뭉클하다. 그녀의 전작들처럼 탁월한 흡입력 또한 여전했다. 500p 가까이 되는 긴 분량을 빠르게 읽으면서도 줄거리를 놓치고 있다는 느낌은 전혀 들지 않았으니 말이다. 『진이, 지니』는 ‘구원’을 향한 두 남녀의 치열한 삶의 투쟁이다. 콩고 킨샤샤에서 길을 잃고, 비를 피해 들어간 가게에서 철장 안에 갇힌 보노보 ‘지니’를 만난 침팬지 사육사 진이. 그리고 서른이 될 때까지 뚜렷한 목적 없이 살다가 집에서 쫓겨난 ‘백수’ 민주. 진이는 밀렵꾼들의 위협이 두려워 구조를 바라는 지니의 간절한 눈빛을 외면한다. 그리고 민주는 과거 공익근무의 일환으로 독거노인들께 음식 배달을 하던 중, 자신을 향한 노인의 부름을 듣고도 그냥 지나쳤다가 이후 싸늘한 주검이 된 노인을 보고는 이제껏 죄책감을 안고 살아왔다. 각자 다른 결의 죄의식을 안고 사는 진이와 민주는 우연한 만남으로 엮여 선택의 기로에 놓인다. 진이는 자신이 킨샤샤에서 외면했던 지니를 살리는 대신 자신이 죽거나, 혹은 지니의 몸을 빼앗아 이 세상에서 살아갈 수 있다. 민주는 아무런 득이 없고, 진이의 영혼이 진이 자신의 몸으로 돌아갈 수 있다는 확실한 보장이 없는데도 불구하고 진이에게 도움의 손길을 내밀거나, 혹은 낯선 타인에 불과했던 진이를 뿌리치고, 자신의 여정을 계속할 수 있다. 결국, 진이는 지니가 다시 가족의 품으로 돌아갈 수 있도록 이 세상에서 사라진다. 그리고 민주는 진이가 자신의 임무를 다할 때까지 그녀의 곁을 지켜준다. 둘은 ‘자신의 안위 혹은 타자의 구원’이라는 양자택일의 기로에서 후자를 택했고, 결국 죄의식에 갇혀있던 자기 자신을 구원한다. 타자를 위한 선택이 자기 자신의 구원으로 이어진 것이다. 자신의 목숨이 지상에 머무를 시간이 얼마 남지 않은 동안, 최선을 다해 지니에게 도움의 손길을 건네고 죽음을 맞는 진이를 보면서 질문 하나를 던지게 된다.‘과연 나라면 선택의 기로에서 제 삶을 홀로 편히 걸어나갈까, 아니면 다른 생명이 기댈 제 등을 내어줄까·····.’ 작가는 생명의 존엄성, 그리고 그것을 무참히 짓밟는 인간을 적나라하게 드러난다. 신임 동물원장이 치적을 쌓기 위해 침팬지의 출산 전 과정을 언론과 일반인에게 관람시킨다. 제각기 다른 지역에서 잡혀온 다양한 동물들이 어느 중개상의 뜬장에 갇힌 채 먼 바다를 건너다 죽음을 맞기도 한다. 침팬지쇼에 나갈 동물들의 교육에는 어김없이 회초리와 목줄이 등장한다. 동물들이 생명체가 아닌 ‘구경거리’, ‘인간의 즐거움을 충족시키기 위한 개체’로 전락한 순간을 수도 없이 목격한다. 인간들은 서로에게 예의를 갖추지 않듯, 동물에게도 예의를 갖추지 않는다. 진이는 보노보 지니가 되어 고통의 현장을 객관적인 거리에서 보기도, 직접 겪기도 한다. 그렇기 때문에 그녀는 더 이상 지니의 고통을 외면할 수 없었고, 더 이기적일 수 없었다. 그동안 내가 아무 생각 없이 즐겁게 봐왔던 동물원과 서커스 그리고 좁은 유리 상자에 갇힌 채 새 주인을 기다리는 강아지들을 볼 수 있는 애견숍까지····· 이 모든 게 커다란 비극이었다. 인간이 동물의 고통에 완전히 공감하지 못하기 때문에 벌어진. 『진이, 지니』는 매력적이었다. ‘죽음의 문턱에서 인간은 어떤 삶을 살고 어떤 선택을 내릴까, 나는 동물을 독립된 하나의 존엄한 개체로 여겨왔는가, 난 아물지 않은 가슴속 상처의 쓰라림을 견디고 한 발짝 더 나아갈 수 있는가’ 등의 질문을 끊임없이 던지며 책에 빨려들 수 있었다. 정유정의 작품을 볼 때마다 항상 느끼지만 그녀의 작품은 –지극히 진부한 표현이지만- 한편의 영화 같다. 거대한 스크린이 머릿속에 펼쳐져 빠르고, 웅장하고 디테일한 서사가 펼쳐진다. 되레 영화보다 더 장업한 저자의 서사 구현 능력 때문에 영화는 결코 그녀의 작품을 본 뜰 수 없을 것이라는 기분 좋은 무력감에 젖기도 한다.  물론 이 작품을 읽으며 아쉬운 점도 있었다. 중간중간 다소 이질적이고 과한 기교로 비치는 수사들이 있었다. 하나 예를 들면, 의외의 결정을 내린 떠돌이 민주가 「철학자 대니얼 데닛은 “우리가 영혼에게 바랄 수 없는 게 있다면, 그것은 바로 영혼이 바라는 대로 행동할 자유다.”」라는 말을 떠올리는 대목에서 다소 과하다는 생각이 들었다. 그래도 정유정은 이런 작은 흠보다 눈부신 장점들이 훨씬 많은 작가다. ‘무람없이, 윤색하자면, 하늑대며’ 등 다채로운, 내겐 생소했지만 그렇기에 새롭게 알 수 있었던 우리말이 가득해 좋았다. ‘작가의 말’에서 그녀는 이 작품을 쓰기 위해 세계 각국의 영장류학자, 교수들, 사육사를 만나 가며 취재를 했다는데 실로 작품 곳곳에서 그녀가 공부를 많이 했다는 흔적을 엿볼 수 있었다. 무엇보다 모두가 잠든 육군훈련소에서 보내는 마지막 주말 아침 6시에, 벌떡 일어나 아무런 방해 없이 『진이, 지니』의 드라마틱한 결말을 보며 눈물을 글썽일 수 있어서 좋았다. 분명, 『진이, 지니』는 이 책을 읽은 순간의 장소와 분위기가 주는 특수성  때문에라도 내게 오랫동안 기억에 남을 거 같다.   "
밤톨이,2022/04/09,어디선가 나를 찾는 전화벨이 울리고 (I'll Be Right There),신경숙,문학동네,2010/05/19,"   이번에 소개할 책은 신경숙 작가의 『어디선가 나를 찾는 전화벨이 울리고』다. 필자는 평소에 책을 읽으면서 항상 인상 깊은 문장이 적혀있는 페이지를 접어둔다. 그리고 다 읽고 나서 접혀있는 페이지를 다시 음미하곤 한다. 이 책을 다 읽고 보니 굉장히 많은 페이지가 접혀있었다. 그만큼 좋은 책이었다.  책은 네 명의 청춘들이 펼치는 이야기가 주를 이룬다. 사랑하는 엄마를 여의고 끊임없이 가라앉던 정윤, 누나의 분신자살을 바로 앞에서 막지 못한 아픔을 간직한 채 살아가는 윤미루, 반복되는 현실에 끊임없이 좌절하면서도 독재 정권에 맞서 시위를 나가는 이명서, 어두운 현실 앞에 자신의 무기력함을 뼈저리게 느끼고 방황하는 단이. 저자는 이 아름답고도 찬란한 네 청춘이 각자 간직한 아픔을, 사랑을, 그리고 고뇌를 담담한 문장들로 풀기도, 때로는 에밀리 디킨슨의 시와 말테의 수기를 인용하며 풀어간다.  형식상 흥미로운 점은 한 명의 시점으로 소설이 전개되는 것이 아닌, 정윤과 명서의 시점이 교차되며 전개된다는 것이다. 정윤과 명서는 서로를 사랑한다. 그리고 둘은 유사하다. 정윤은 자신의 유년을 단이와 함께 했고, 명서는 평생을 미루와 가족처럼 지내왔다. 혼란스러운 시대상황 속에 정윤과 명서는 삶을 함께 했던 단이와 미루의 죽음을 접한다. 명서는 정윤을 사랑한다. 하지만 각자가 지닌 상처를 사랑으로 극복할 수 없다는 것을 알기에, 그 상처가 서로를 평생 옭아맬 것임을 알기에 이별을 택한다. 정윤과 명서의 교차 시점은 이러한 둘의 만남부터 이별까지의 과정에 현실감을 부여한다. 그리고 정윤의 시점에서 전개되는 동안 남긴 의문과 흐름의 공백을 명서의 시점에서 메우며 완결성을 높인다. 무엇보다 교차 시점은 ‘사랑했기 때문에 아픈 것’이라는 역설 아닌 역설을 더욱 애틋하게 부각한다. 책을 읽다가 어머니께 질문을 드렸다. 80년대에는 정말로 강의실에서 최루탄 가스 냄새가 가득했냐고. 지금의 나는 전혀 상상할 수 없었고 부정의 대답을 은근히 바랬기 때문이다. 어머니께서는 자신이 대학생일 때는 수업을 듣는 학생보다 시위하러 나가는 학생들이 더 많았다고 답해주셨다. 각자가 지닌 고민의 경중을 따지는 것은 분명 옳지 못함을 안다. 하지만 책을 읽으면서 나의 고민이 격동의 시기를 보냈던 이들의 아픔에 비하면 너무 하찮다는 생각이 들었다. 나의 고민은 ‘고작 이런 걸로...’라는 말로 치부할 수 있었다. 바뀌지 않는 현실에 속에서, 보이지도 느껴지지도 않는 내일의 희망을 위해 어둠 속을 헤쳐 나갔던 그 시대의 청년들을 보면서 마음이 아팠다. 나는 그들이 얼마나 두렵고 막막했을지 감히 가늠할 수 없었고, 청춘을 바쳐 그들이 이룩했던 지금의 자유와 정의를 배불러하고 있음이 부끄러웠다. 한편으로는 시대가 개인의 삶을 규정해버린다는 사실이 내게 너무 절절하게 다가왔다. 군대에서 동료의 오발로 가려진 단이의 의문사, 자신이 사랑하는 사람의 실종에 괴로워해 분신자살을 택한 윤미래, 그리고 휘발유 범벅의 몸에 성냥을 붙이려는 자신의 누나 미래를 말리려다 평생의 화상을 입은 미루까지. 권력 앞에 한 개인이 얼마나 무기력한지 뼈저리게 느꼈고, 그렇기에 되려 우리는 밟히면 밟힐수록 더욱 굳세지는 잡초처럼 연대하고 꿋꿋해져야하는 것이 아닐까 싶었다.  윤교수는 청춘이 서른셋까지라고 말한다. 예수가 십자가에 못 박혀 죽고, 알렉산더 대왕이 대제국을 건설하고 죽었을 때가 서른셋이라는 이유였다. 책을 다 읽고 나서 서른셋 전까지의 나는 어떻게 살아가야할까라는 질문을 스스로 던져봤고 나름의 해답을 내렸다. 책 속 주인공들처럼 뜨겁게 사랑해야했다. 연인 간의 헤어짐, 혹은 사랑하는 이의 죽음이 주는 이별에 무너져도 다시 일어나 단단해져야했다. 무엇보다 끊임없이 시간이 밀려와도 같은 하루는 오지 않기에, 청춘의 하루는 더욱 특별하기에 더 사랑하고, 아파하고, 책을 읽고, 글을 쓰고, 걸어야했다. 『어디선가 나를 찾는 전화벨이 울리고』는 완성도가 정말 높은 작품이었다. 개인의 일상적 역사와 권력이 빚은 거대한 역사를 매끄럽게 이었다. 일관되게 담담한 저자의 문체는 아름다우면서도 힘이 있었다. 소설 중간 중간 배치한 루쉰, 나쓰메 소세키 등의 이야기, 시인들의 시구는 적절했고 풍성함을 더했다. 저자는 인물의 심리묘사를 굉장히 은유적으로 했다. 여백 투성이 문장들로 말이다. 난 여백을 채우면서 인물들의 상황에 더 공감했고, 함께 아플 수 있었다. 한편으로는 장황하게 느껴지는 문장들도 곳곳에 있었다. 조금 더 간결했으면, 덜 상징적이었으면 더욱 담백한 맛을 줬으리라는 생각이 이따금 들기도 했다.  서평을 쓰는 지금 이 순간에도 여운이 가시지 않는다. 이 책은 분명 많은 학우들의 삶에 양감을 더해줄 것이다. 그렇기에 한 번쯤 꼭 읽어보기를 소망하며 서평을 마친다.   "
밤톨이,2022/04/09,지구에서 한아뿐 (정세랑 장편소설),정세랑,난다,2019/07/31,"   반광석 물질의 외계인과 인간의 연애를 상상해본 적이 있는가? 만약 내 ‘인간’ 남자친구와 외계인이 각자의 역할을 바꿔 남자친구는 우주여행을 떠나고, 그 빈자리를 외계인이 채운다면? 이번에 소개할 책은 ‘한아’와 외계인 ‘경민’의 러브스토리를 다룬 정세랑 작가의 『지구에서 한아뿐』이다.  한아는 친환경주의자이다. 비건이고, 저탄소 생활을 몸소 실천한다. 작은 의류 리폼가게를 운영하면서, 다른 사람들의 추억과 때가 묻은 옷에 천을 덧대거나, 재활용 소재를 활용해 새로운 옷으로 탄생시킨다. 경민은 한아의 남자친구이다. 경민의 인간관계는 단순하다. 한아, 그리고 동네 술친구들이 전부이다. 그는 항상 멀리 떠나고 싶어 하고, 아직 보지 못한 세계에 대한 호기심으로 가득하다. 그러던 어느 날, 지구와 수 만 광년 떨어진 행성에서 한아를 오랫동안 지켜봐온 반광석 물질의 외계인은 지구를 방문해 홀로 여행 중이던 경민에게 한 가지 제안을 한다. 자신이 갖고 있는 한 장뿐인 우주자유여행권을 경민에게 주는 대신, 인간 경민의 역할을 자신이 대신하는 것이었다. 항상 멀리 떠나는 것이 꿈이었던 경민은 흔쾌히 외계인의 제안을 수락하고, 우주로 간다. 그리고 반광석 물질의 외계인은 경민의 분장을 하고 자신이 오랫동안 사랑해 온 한아에게 다가간다. 하지만 결국, 한아는 자초지종을 알게 되고 엄청난 혼란에 빠진다. 고민 끝에 한아는 외계인 경민이 자신에게 보여준 진심 그리고 자신을 버리고 떠난 경민에 대한 반발심으로 기꺼이 교제를 수락한다. 그들은 보통의 커플들처럼 데이트를 한다. 특별한 데이트가 하나 있다면 외계인 경민의 특수 망원경으로 지구 밖의 아름다운 별에서 어떤 일이 일어나는지를 함께 볼 수 있다는 것이었다. 둘 다 주변의 소소한 것을 사랑할 줄 알고, 환경을 사랑한다는 공통점에서 깊은 공감대를 형성했기에, 점차 깊은 사랑을 키워간다. 수개월이 흐르고 우주자유여행 중에 몸이 급격하게 나빠져 죽음이 임박한 ‘인간’ 경민은 마지막으로 한아가 보고 싶어 우주선 방향을 돌려 지구로 다시 온다. 한아는 이미 외계인 경민과 깊은 사랑을 나누고 있었고, 인간 경민에게 아무런 애정을 느끼지 못한다. 하지만, 추억을 나눈 사이였기에, 그리고 외계인 경민이 인간 경민과 함께 시간을 보낼 수 있도록 잠시 한아 곁은 떠나줬기에 한아는 인간 경민을 정성껏 간호한다. 하지만 인간 경민은 이미 회복 불가능할 정도로 건강이 악화된 상태였고 자신이 사랑했던 한아 곁에서 죽음을 맞는다. 한아는 그의 시신을 우주로 보내주며 자유로이 여행하길 빌어준다. 그리고 외계인 경민과 한아는 결혼을 해 평생을 함께 한다... 과연 작품평에 어울리는 표현인지 모르겠다. ‘풋풋함’이 느껴지는 소설이었다. 개인적으로 완성도가 높은 작품은 아니었다고 느꼈다. 작품이 짧은 에피소드들로 구성된 탓에 극적 긴장감을 유발하기 어려웠다. 가독성은 뛰어났지만, 지나치게 단순한 문체와 문장들의 배열, 그리고 중간 중간 나오는 ‘b급 감성’의 오글거리는 문장들이 다소 몰입을 방해했다. 하지만 어쩌면 이러한 어수룩한 표현과 구조 덕분에  ‘외계인과 지구인의 연애’라는 파격적인 소재를 유쾌하게 잘 살릴 수 있던 것이 아닐까 싶기도 했다. 즉 어수룩했기 때문에, 단순했기 때문에, SF소설과 연애소설 사이의 애매한 경계를 자유롭게 드나들 수 있었다. 실제로 이 작품을 쓴 정세랑 작가는 1984년생으로 젊은 축에 속한다. 이 작품은 그녀가 작가로 데뷔하기 전인 10년 전에 쓰고, 다시 꺼내보아 수정을 거듭한 끝에 출판한 소설이었다. 그렇기에 작품에서 예비 작가 특유의 풋풋함을 느낄 수 있었고, 끝까지 피식피식 웃음이 터져 나왔다. 난 앞선 줄거리 요약에서 인간 경민을 ‘진짜’ 경민, 외계인을 ‘가짜’ 경민이라 하지 않았다. 사실 소설을 읽으면서 외계인 경민을 진짜처럼 느꼈기 때문이다. 한아를 진심으로 아끼고 사랑할 줄 알고, 자연을 사랑한다. 밤하늘에 떠있는 별을 보며 아름다움을 느끼고 그리고 인간 경민의 대체품이 되지 않겠다는 굳건한 자존심도 가졌다. 종(種)은 형식에 불과했다. 인간이든 외계인이든 사랑을 표현하고, 무심코 놓치는 일상의 작은 것들을 지킬 줄 안다면, 그것이 ‘진짜’ 경민이었다. 덕분에 ‘인간다움이란 무엇인가’에 대해 다시금 생각해 볼 수 있었다. 가벼운 소설이다. 심오한 철학적, 사회적 메시지를 담지는 않았지만, 환경과 연애에 대한 작가의 작은 신념과 유쾌한 상상력이 묻어있는 그런 소설이었다. 무료한 일상에 지친 학우들에게 『지구에서 한아뿐』을 적극 추천하며 서평을 마치겠다.   "
밤톨이,2022/04/09,철학은 어떻게 삶의 무기가 되는가,야마구치 슈,다산초당,2019/01/21,"   인스턴트 음식은 가볍다. 맛의 깊이가 얕다. 하지만 간단하게 즐길 수 있고, 바쁜 현대인들이 소화하기에 큰 무리가 없다. 책도 마찬가지인 것 같다. 도서관이나 교보문고에 가면 인스턴트 음식과 같은 책들이 베스트셀러 상단을 차지하고 있다. 단적인 예로 불과 몇 년 전에 채사장의 ‘지적 대화를 위한 넓고 얕은 지식’이 큰 유행을 했었다. 그 후로도 어려운 내용을 담은 철학이나 과학 등의 지식을 단편화, 압축하는 과정을 거쳐 핵심적인 내용만을 모아놓은 책들이 우후죽순 쏟아졌다. 나는 소설을 매우 선호하는 편이고, 전에는 나의 표현대로 ‘인스턴트’ 책을 그다지 좋아하지 않았다. 특유의 얕음이 싫었고, 원전을 읽어야 완전한 나의 지식이라는 강박이 있었다. 또 얄팍하게나마 알게 된 핵심들을 마치 전부 알게 된 것 마냥 구는 나의 오만함이 싫었다. 하지만 김동욱 교수님의 연극과 문화, 정원국 교수님의 과학기술 산업화의 역사 수업을 들으면서 부분적으로나마 접했던 지식들이 더 큰 앎에 대한 욕망을 불러일으킬 수 있다는 것을 절절히 느꼈다. 이 두 수업 덕분에 난 아서 밀러의 현대 비극을 찾아 읽고, 과학이라면 학을 떼던 내가 하이젠베르크의 ‘부분과 전체’를 정독했기 때문이다.  이번에 읽은 책도 즉석 식품에 가까운 『철학은 어떻게 삶의 무기가 되는가』이다. 굉장히 신선한 주제들이 많았고 부끄럽지만 나의 지적 허영심을 충족시키는데 충분했다. 그래서 내가 느낀 이 책의 매력을 학우들과 공유하고 싶다.  첫째, 이 책은 제목 그대로 철학이 어떻게 우리 삶의 무기가 될 수 있는가를 다룬다. 사상을 설명하는데 그치지 않고 적용으로까지 나아간다. 저자는 철학과 출신이지만 세계 최고의 경영컨설턴트 회사에서 시니어 파트너로 일하고 있다. 이러한 저자의 배경으로 인해 책은 철학, 심리학, 사회학의 여러 사상들이 인사, 마케팅, 조직 행동 등 경영학의 여러 분야에 어떻게 적용할 수 있는지를 잘 보여준다. 그리고 기존의 통념을 여러 차례 무너뜨린다. 그 예로 이 책에서 다룬 성과급과 혁신의 관계를 설명하고자 한다. 우리는 보통 성과급이 혁신을 유도할 수 있다고 생각한다. 당연히 돈을 더 많이 주면 더 열정적으로 일하게 되어 궁극적으로는 혁신을 이룩할 수 있을 것이라 대다수가 믿는다. 하지만 저자는 에드워드 데시 교수의 ‘예고된 대가’에 관한 실험을 비롯하여 몇몇 연구들을 근거로 성과급이 혁신을 유도하는데 바람직하지 않다고 주장한다. 그 이유는 예고된 대가는 피험자가 최소의 손실로 최대의 대가를 받을 방법만 모색하게 되고, 자신의 능력과 지식을 향상시킬 수 있는 도전적인 과제가 아닌 가장 많은 대가를 주는 과업만을 선택하게 되어 결과적으로 조직의 창조성을 저해시키기 때문이다. 이외에도 스탠리 밀그램의 ‘아이히만 실험’을 통해 인간 양심의 무력함을, 리언 페스팅어의 ‘인지부조화 이론’을 토대로 중국 공산당의 포로가 된 미군이 어떻게 그리 쉽게 공산주의자가 되었는지 등의 내용을 보면서 내가 기존에 갖고 있던 많은 통념을 깰 수 있었고, 현상을 다각도로 바라볼 수 있는 통찰력을 조금이나마 키울 수 있었다. 두 번째 장점은 저자는 특정 사상을 설명하기 위해 여러 이야기를 예로 드는데 이 점이 너무 좋았다. 저자는 레비스트로스의 ‘브리콜라주’를 설명하기 위해 에디슨의 축음기, 라이트 형제의 비행기를 예로 든다.브리콜라주는 쉽게 말해 ‘무엇에 도움이 될지 잘 모르지만 뭔가 있을 것 같다’이다. 즉 용도 시장을 명확하게 상정하지 않은 행위를 의미한다. 에디슨은 향후 급속도로 발전할 음반 시장을 염두에 두고 축음기를 발명한 것이 아니다. 축음기는 ‘유언장의 대체’가 주목적이었다. 라이트 형제도 ‘민주주의 국가에서 전쟁의 종결’을 목적으로 비행기를 개발했지만 결과는 정반대였다. 이외에도 레비스트로스가 자크 데리다의 ‘탈구축’을 토대로 사르트르에게 망신을 줬던 이야기 등 많은 역사적 실례들이 책에 나와 있는데 상투적인 표현이지만 ‘너무 재밌었다.’ 한편으로는 저자가 철학 개념을 이러한 역사적 사례들과 접목시키기 위해 얼마나 많은 탐구를 했을지 감히 가늠조차 할 수 없었다. 마지막으로 내가 꼽은 이 책의 장점은 내가 그동안 잘못 알고 있던 사상 및 개념들을 바로 잡아줬다는 것이다. 그 예로, 목적을 달성하기 위해 수단을 가리지 않는 통치를 우리는 ‘마키아벨리즘’이라고 한다. 나는 그동안 마키아벨리즘의 핵심이 통치자는 권력을 자유롭게 휘두르는 것이라고 생각했다. 하지만 저자는 이러한 생각이 잘못되었음을 지적한다. 어디까지나 ‘더 나은 통치’의 경우에만 통치자는 비도덕적 행위를 할 수 있다는 것이 마키아벨리즘의 골자였다. 또, 진화론을 주장한 찰스 다윈도 ‘자연 선택’이 아닌 ‘돌연변이’에 더 비중을 뒀다는 것을 알게 되고 나서, 내가 잘못 알고 있거나, 얄팍하게 알고 있는 많은 지식들이 부끄러웠다. 물론 아쉬운 점도 있었다. 저자가 철학 사상을 책의 제목에 맞게 실생활에 무조건 접목시키려다보니 다소 억지스러운 부분도 많았다. 그렇지만 50가지나 되는 다방면의 지식을 가볍고, 빠르게 흡수할 수 있다면, 그것만으로도 충분히 가치가 있는 책이었다. 특히, 경영에 관심이 있는 학우들은 책 속의 여러 이론을 접하면서 기존의 인사고과제도, 급여체계, 마케팅 관행 등에 관해 넓은 시각을 갖출 수 있을 것이다. 끝으로 이 책을 읽으며 가장 와 닿았던 프란시스 베이컨의 명언으로 서평을 마무리 짓고자 한다.“아는 것이 힘이다.”   "
밤톨이,2022/04/09,페스트 (세계문학전집 267),알베르 카뮈,민음사,2011/03/25,"   요즈음 들어 말에 많은 허식이 껴있다는 생각을 한다. 지극히 단순한 사실이 말을 통해 과도한 중요성이나 의미가 부여된다. 말을 하다 보면 어느 순간, 기쁨, 슬픔, 분노 등의 일반적인 감정을 과장하고, 스스로가 그러한 감정에 빠져들었다는 착각이 든다. 언어가 인간을 기만한다는 사실 그 자체가 나를 괴롭힌다. 타인과의 대화중에 내 속마음을 표현할 마땅한 말을 찾을 수 없어, 결국에는 상투적인 표현으로 일관하고는 하는데, 그러한 사실이 나를 무기력하게 만든다. 또한, ‘사랑, 자유, 우정, 행복’등의 가치지향적인 말들이 인간을 끊임없이 자기 자신과 타인을 속이는 광대로 변모시킨다는 생각을 한다. 어느 순간부터 말을 하고 나서 목구멍부터 깊은 공허함이 밀려온다. 인간이 가장 진실해지는 순간은 스스로가 아무 말도 할 수 없다는 사실을 지각할 때가 아닐까... 이번에 소개할 책은 알베르 카뮈의 『페스트』이다. 작품을 읽는 중간 중간 저자 카뮈도 ‘정확치 못한 언어’의 문제를 치열하게 고민했다는 확신이 들었다. 그 이유는 작중인물들이 언어의 딜레마를 직간접적으로 보여줬기 때문이다. 어감 상의 미묘한 차이를 정확하게 표현하려 하다 보니 첫 문장의 형용사만을 수도 없이 고치다가 결국 자기 소설을 완성하지 못하고, 단순한 자기감정을 표현하는데도 애를 먹는 그랑, 인간사의 모든 문제는 언어를 정확하게 사용하지 않는대서 비롯된다고 지적하는 타루 등의 모습을 통해 이를 엿볼 수 있었다. 또한, 이 작품의 서술자이자 저자의 대변인이라고도 할 수 있는 리유는 ‘어떤 의미에서는... 옳다.’라는 말을 빈번하게 한다. 코타르처럼 반도덕적이고, 탈관습적인 사고를 가진 이들이 펼치는 주장을 결코 반박하지 않고, ‘어떤 의미에서는 옳다’라고 말하며 가능성을 열어둔다. 그들의 주장이 한 개인의 입장에서는 지극히 온당하기 때문이다. 이외에도 저자가 언어의 사용에 있어서 극도의 엄밀함을 기울였음을 엿볼 수 있는 문장들이 많았다.  『페스트』는 5부로 나뉜다. 큰 틀에서 보면 플롯은 단순하다. 지극히 평범한 도시 오랑. 갑작스러운 쥐들의 떼죽음을 시작으로 페스트가 서서히 퍼진다. 페스트 초기에 시민들은 사치와 향락을 즐기고, 멀리 떨어진 곳에 있는 연인, 가족들을 생각할 여유가 있었다. 하지만, 사망자 수가 기하급수적으로 증가하자 급기야 정부는 오랑시를 폐쇄하기에 이른다. 타인과의 결합, 재회에 대한 기대는 점차 사라진다. 식량 배급이 원활하게 이루어지지 않고, 시체를 묻을 공간도 부족해진다. 약탈과 방화, 그리고 오랑을 탈출하려는 무리와 행정당국 간의 싸움도 발생한다. 사람들의 얼굴에는 절망의 흔적이 가득하다. 그간의 새로운 혈청 개발과 같은 노력에도 불구하고 페스트의 기세는 그칠 줄 모른다. 그러다 수개월이 흘러 겨울이 도래하고 페스트는 자신의 역할을 충분히 다 한 모양인지 스스로에 제동을 건다. 그리고 사람들은 언제 그랬냐는 듯 희망을 품고, 거리는 다시 붐비기 시작한다.  주목해야 할 점은 페스트의 발발과 확산, 그리고 소멸에 이르기까지의 과정 속에 나타난 여러 인간 군상이다. 타루는 다른 도시에서 오랑으로 온 인물이다. 페스트 초기에는 주위 상황을 관찰하는데 집중한다. 그리고 페스트가 본격적으로 맹위를 떨치자 의사 리유를 돕기로 결심하고, 자원봉사대를 조직한다. ‘이방인’인 타루가 목숨을 걸고 페스트에 맞서 싸운 이유는 곧 카뮈의 사상을 고스란히 드러낸다. 타루는 검사인 아버지가 법을 빌려 한 남자에게 죄를 선고하고 끝내 그 남자가 사형당하는 것을 지켜보고 충격을 받는다. 그동안 자신이 선의에서 비롯되었든, 간접적으로든 간에 사형제도에 동의했다는 사실을 깨달았기 때문이다. 타루는 그 어떤 존재도 인간을 단죄할 수 없지만, 자신이 암묵적으로 사형제도에 동의한 것처럼 모든 인간은 살인자가 될 수밖에 없는 세계의 부조리함을 고발한다. 그러면서 타루는 리유에게 자신은 죄 없는 살인자가 되기 위해서라도 다른 사람을 살리고, 페스트에 끝까지 맞서 싸우겠다고 한다.  이러한 타루의 인식이 내겐 큰 충격이었다. 페스트는 하나의 상징이다. 페스트는 형식과 관념에 불과할 수 있는 사형제도, 전쟁, 무신론자에게 배타성을 띠는 종교 등을 상징한다. 이들이 세계에 존재하는 이상, 누군가는 살인자가 되고, 또 다른 누군가는 희생자가 된다. 그렇기에 타루는 리유에게 우리는 ‘페스트 속에 살고 있었다’라고 말한 것이다. 이는 지독히도 부조리하다. 이 부조리는 인간으로서 불가피하게 겪어야하기 때문에 비정함이 더욱 가중된다.  그렇다면 인간은 이러한 부조리한 세계를 어떻게 헤쳐 가야 할까. 이에 대한 해답은 의사 리유와 파늘루 신부가 페스트에 맞서는 방식의 차이를 통해 알 수 있다. 파늘루 신부는 페스트 발병 초기에 페스트를 구원의 좋은 기회라고 말하며 신을 통해 난관을 극복하려 한다. 거세지는 페스트는 역설적으로 고난마저 신의 은총이라는 그의 믿음을 더욱 확고하게 만든다. 그러나, 파늘루 신부의 바로 눈앞에서 어린 소년이 페스트로 서서히 고통스럽게 죽어가자, 그는 회의에 빠진다. 결국 파늘루 신부가 페스트에 걸리고 나서 리유에게 ‘신부가 의사에게 진찰을 받을 수는 없는 노릇이죠’라고 말하는 대목을 통해 카뮈는 종교의 허위성을 고발한다. 타인의 고통을 함께 나눠야하고, 그렇지 않으면 한 개인을 단죄하는 종교는 페스트 앞에 지극히 무용(無用) 하다. 페스트가 대변하는 부조리한 세계에 맞서　싸우는, 싸워야만 하는 존재는 철저히 인간이어야 한다. 리유는 파늘루 신부와 페스트에 대응하는데 있어서 극명한 차이를 보인다. 그는 부조리한 세계에 맞서 싸우는 인간 그 자체다. 신에게 기대지 않는다. 그에게는 연대 의식이라는 말도  거창하다. 그는 그저 의사로서 직분상 해야 할 일이기 때문에 다른 사람을 돕는 것이라고 말한다. 눈앞에서 사람이 죽어가는 것을 보고 있다면, 신마저도 자신을 찾지 않기를 바랄 것이라며, 직무에 대한 ‘성실성’만이 부조리한 세계 속에서 진리를 밝혀 나가는 길임을 역설한다. 그는 애정, 우정, 죽음 등을 과장하지 않는다. 즉, 자신이 느끼는 감정, 닥친 현실을 있는 그대로 보고 받아들인다. 그것들은 그냥 하나의 사실 그뿐인 것이다. 리유는 페스트 속에서 사람을 살리려는 자신의 노력이 결국 계속 패배할 거라는 사실을 알고 있다. 그럼에도 불구하고 그는 멈추지 않는다. 인간이 자신의 역할을 묵묵히 수행하며 삶을 이어가는 게 곧 창조된 부조리에 저항하는 방법이기 때문이다. 전혀 생각지도 못한 관점에서 우리가 사는 세계의 부조리를 고발하고, 그에 맞서 싸울 것을 주장하는 카뮈의 주장은 파격적이다. 동시에 지극히 현실적이기도 하다. 서평을 쓰는 지금 이 순간도 나는 살인자이다. 어떤 하나의 ‘가치’를 지향하는 순간 다른 가치에 배타적이게 되고, 끝끝내 누군가를 죽이고야 만다. 의도하든, 그렇지 않든 간에 말이다. 지금 이 순간에도 난 ‘페스트’ 속에서 살아가는 셈이다. 이에 맞서 나는 현실을 직시하고, 정확하고 절제된 언어를 사용하며, 묵묵히 내 직분을 수행하리라. 리유와 타루처럼.   "
nama,2022/04/08,인간 실격 (세계문학전집 103),다자이 오사무,민음사,2004/05/15,"   주인공 요조에게 공감이 되기도 하고 괴리감이 느껴지기도 하고 연민이 들기도 했던, 많은 감정이 교차했던 책이다.산다는 게 이리도 어려울 수 있을까? 모두에게 똑같은 상황이 주어져도 누군가에게는 수월한 반면 누군가에게는 도저히 이겨낼 수 없을 것처럼 여겨지기도 한다. 요조에게는 인생이 너무나도 힘든 여정이었던 것 같다. 나도 별거 아닌 것에 많이 힘들어하는 편이라 내가 너무 나약한 사람인가 하는 생각을 많이 했었는데 요조를 보며 미안하지만 작은 위로를 느끼기도 했다.책을 읽으며 가장 뇌리에 박혔던 것은 '세상'에 관한 요조의 생각이었다.""세상이란 게 도대체 뭘까요. 인간의 복수일까요. 그 세상이란 것의 실체는 어디에 있는 것일까요. 무조건 강하고 준엄하고 무서운 것이라고만 생각하면서 여태껏 살아왔습니다만, 호리키가 그렇게 말하자 불현듯 ""세상이라는 게 사실은 자네 아니야?"" 라는 말이 혀끝까지 나왔지만 호리키를 화나게 하는 게 싫어서 도로 삼켰습니다.""이 대목을 읽고 정말 많은 생각이 들었다. 물론 세상은 단순히 개인의 집합 이상의 의미가 있겠지만, 가끔은 우리가 세상을 너무 두려워하며 살고 있는 것 같다는 생각이 든다. 세상의 기준에 맞추기 위해 부단히 노력하며 살지만 결국은 그 기준도 개인들이 정한 것에 불과하다. 우리는 대체 무엇을 위해 그 기준에 맞춰 아등바등 살아가는 걸까? 요조는 세상이란 사실은 개인이라는 생각을 하게 되면서부터 조금씩 자신의 의지대로 행동하기 시작한다. 요조의 행동이 바뀌어도 그에 대한 반응이 달라지는 것은 세상이 아니라 개인일 뿐이었다. 달라지는 반응 역시 하나의 실체적인 것이 아니라 개별적인 것이었다.그러나 요시코와 결혼을 하고 일련의 사태를 겪으면서 요조는 다시금 세상에 대한 생각이 바뀐다. 순결무구한 신뢰심으로 인해 요시코가 강간 당하는 것을 본 요조는 무구한 신뢰심이 죄의 원천이냐고 신에게 묻는다. 유일하게 믿었던 신뢰라는 가치조차 흔들리게 되자 그는 살아갈 의지를 잃고 만다. 결국 요조에게 세상은 바닥 모를 끔찍한 곳이었던 것이다.솔직히 이 부분을 읽으면서 양가적인 감정이 들었다. 자신의 아내가 그런 짓을 당하는 것을 보면서도 아무것도 하지 못한 채 그저 자신의 세계로 숨어드는 모습이 한없이 비겁하게 느껴졌다. 한편으론 이 일을 겪고 완전히 의지를 잃어버린 요조가 너무 안쓰럽기도 하다가도 고통을 이겨내지 못하고 마약을 얻기 위해 약국 부인과 부적절한 관계를 맺는 것을 보면서는 또 한심하게 느껴지기도 했다.요조의 생각이 그렇게까지 극단으로 치닫는 게 어느 정도 이해는 가면서도 그게 아니라고 말해주고 싶었다. 요시코의 신뢰심과 그녀가 당한 일은 아무 인과관계가 없다. 신뢰는 죄가 아니다. 그녀가 사람을 믿었기 때문에 그렇게 된 게 아니라 그저 우연히, 지독히도 운이 나쁘게 그러한 일을 당한 것뿐이다. 이러한 사건 자체도 부부생활에 치명적인 영향을 끼치고 극복하기 어려운 것이었겠지만 그 원인을 내부에서 찾으려하니 더 괴로웠던 게 아닐까 싶다.책을 읽는 내내 요조를 보며 너무 다양한 감정이 들어서 어지럽기도 했는데 결국은 인간이란 게 이런 것 같다. 온전히 악하지도, 선하지도 않은 존재. 옳고 그름을 매기는 게 의미가 있을까 하는 생각도 든다. 인간이란, 세상이란 무엇인지 여러모로 많은 생각을 하게 해준 책이다.   "
nama,2022/04/08,신경 끄기의 기술 (인생에서 가장 중요한 것만 남기는 힘),마크 맨슨,갤리온,2017/10/27,"   너무 많은 것에 신경 쓰며 살다 지칠 때쯤 이 책이 눈에 들어왔다. 제목만 보고서도 지금 나에게 너무 필요한 책 같았다.이 모든 일들을 어떻게 해야 다 해낼 수 있을까 하던 기존의 생각을 깨부수는 느낌이었다. 사실 그걸 다 해낼 필요는 없었다.그것들에 모두 신경을 쓰는 만큼, 그 어느 것도 제대로 해낼 수 없었기 때문이다.저자는 모든 것에 신경 끄는 게 아니라 정말 신경써야 할 대상만 남겨두고 나머지 것들에 신경을 끄라고 주장한다. 모든 걸 다 해내는 것은 애초에 불가능할 뿐만 아니라 그렇게 해야한다고 생각했을 때 우리는 해내지 못하는 우리 자신을 보며 실망하고 불안해지게 된다. 사실 그 모든 걸 완벽하게 해내는 사람은 없다.완전한 행복, 만족이라는 것도 결국은 허상일 뿐이다. 불안, 분노, 죄책감 등의 부정적인 감정은 잘못된 것이 아니며 인간이라면 누구나 느끼는 자연스러운 감정이다. 하지만 우리는 불안함을 느끼는 것 자체를 불안해하고, 분노하는 자신에게 분노하게 되며, 죄책감을 느낀다는 사실에서 다시 죄책감을 느끼곤 한다. 온전한 행복이라는 이상을 좇기 때문에 부정적인 감정을 있는 그대로 받아들이지 못하는 것이다.어떤 날은 기분이 좋은가 하면 어떤 날은 기분이 안 좋을 수도 있는 건데, 나는 그 당연한 사실을 받아들이지 못했던 것 같다. 기분이 안 좋은 원인을 찾으며 스스로를 다그치게 되고, 또 다시 기분이 안 좋아지는 악순환의 굴레에서 빠져나오지 못했다. 그냥 '오늘은 기분이 안 좋구나', '오늘은 아무것도 하기 싫은 날이구나' 하며 받아들이면 될 일인데 말이다.저자는 이처럼 부정적인 감정을 회피하지 말고 그저 받아들이라고 말한다. 고통은 피할 수 있는 것이 아니며, 삶은 늘 어느 정도 고통스럽다는 사실을 받아들이고 고통을 견디는 법을 배워야 한다고 말이다. 지금껏 나는 힘들면 포기하고 피하는 방법을 주로 택했었다. 그 방법은 당장의 어려움은 피할 수 있지만 결국은 나중에 책임져야 할 일이 더 많아지는 결과만 낳을 뿐이었다. 사실 내가 힘들었던 이유는 지금껏 너무 높은 기준에 매달리고 너무 많은 것들에 신경썼기 때문이 아닌가 싶다. 중요한 것 외에는 신경을 끄고, 할 수 있는 만큼만 하자고 생각했다면 어렵지 않게 해낼 수 있는 일이었을지도 모른다. 사실 이렇게 깨달은 건 많아도 아직 실생활에 적용은 잘 되지 않는다. 지나치게 많은 신경을 쓰며 스스로를 갉아먹고 있다는 생각이 자꾸만 든다. 아직 무엇에 집중해야 할지 정하지 못했기 때문이 아닌가 싶다. 내가 무엇에 집중하고 무엇에 신경을 꺼야 하는지를 알기 위해서는 내가 인생에서 중요하게 생각하는 것이 무엇인지를 정해야 한다. 그 가치관에 따라 지금의 행동방식을 변화시켜야 할 것이다.이 책을 읽으며 많은 부분들이 도움이 됐지만 다음 구절이 지금 나의 상황에서 가장 필요한 말이었다.“동기가 부족해서 인생을 바꿀 수 없다고 생각한다면, 뭔가를 하라. 뭐라도 말이다. 그 다음 행동의 반응을 활용해서 스스로 동기를 부여하라.…‘뭐라도 해’ 원리를 따르면, 실패가 하찮게 느껴진다. 모든 결과가 과정의 일부라고 생각하면, 앞으로 나아갈 수 있다. 성공의 기준은 그저 행동하는 것이며, 자극은 전제조건이 아니라 보상이다.”사실 오늘도 내가 뭔가를 실행하지 못하는 이유는 동기가 부족해서라고 생각했다. 늘어가는 뱃살에 한숨이 나오면서도, 헬스장 등록하러 가기도 귀찮고 동기부여도 안 되니 나중에 해야지 생각했었다. 동기가 있어야 행동을 할 수 있다고 생각했는데, 행동을 함으로써 동기를 부여할 수 있다니 내 생각을 돌아보게 됐다. 헬스장 등록을 망설인 이유는 운동을 잘할 자신이 없어서였다. 그러나 저자의 말처럼 성공의 기준을 그저 행동하는 것에 둔다면 망설일 이유가 없다. 헬스장에 가서 꼭 운동을 잘할 필요는 없다. 그저 가는 행위만으로도 성공인 것이다. 말만 주구장창 늘어놓는 것은 의미가 없으니 오늘은 집 가는 길에 헬스장에 등록하러 갈 것이다. 뭐라도 하자!   "
nama,2022/04/08,그냥 하지 말라 (당신의 모든 것이 메시지다),송길영,북스톤,2021/10/05,"   저자는 과거부터 현재까지 변화해온, 또 앞으로 변화할 한국사회를 데이터를 통해 들여다보고 이야기한다. 비슷한 결의 책을 여러 권 읽어봤지만 단순히 현상만 나열하는 게 아니라 저자의 통찰이 깊게 느껴진 책은 정말 오랜만이었다. 그러면서도 어렵지 않게 쓴다는 것이 대단하다고 생각했다. 세상에 똑똑한 사람은 정말 많지만 어려운 이야기를 이해하기 쉽게 전달하는 능력을 가진 사람은 그리 많지 않은 것 같다. 그래서 더 반갑고 좋았다.  이 책은 변화하는 사회를 살아가기 위해 사회구성원 개개인이 취해야 할 자세를 제시한다. 젊은 세대가 읽어도 좋지만 특히 관리자층이 이 책을 읽어봤으면 하는 바람이다. 중간관리자들의 무능과 고집을 날카롭게 지적하는 부분이 많았다. 나는 아직 사회생활을 제대로 시작해보지 않았지만 가족, 친구들과 대화하다보면 꼭 일도 못하면서 남에게 책임만 전가하는 상사 얘기가 나온다. 나는 이런 어른이 되지는 말아야지. 스스로를 경계하기 위해서도 한 번쯤 읽어보면 좋을 책이다. 중간중간 뜨끔하는 문장이 있을 수도 있다.[당신의 모든 것이 메시지다]책의 부제이기도 한 이 챕터가 가장 인상적이었다. 요즘 들어 기록의 중요성을 점점 체감하고 있다. 개인적으로 기억하기 위함도 있지만 어딘가에 내가 한 활동들과 내 생각을 보여줘야할 때 특히 더 절실히 느낀다. 지금까지는 그걸 기록해야 한다는 생각을 못했는데 이제 와서 정리하려고 보니 내가 했던 게 뭔지, 그걸 통해 뭘 배우고 느꼈는지 잘 기억이 안 나서 막막했다. 그제서야 어떤 형태로든 기록을 해야겠구나 싶었다. 이제 더는 학벌이나 성적이 나를 증명해주지 않는다. 요즘 들어 그걸 정말 많이 느끼고 있고, 앞으로는 세상이 더욱 그런 방향으로 변해갈 것이라 생각한다.저자는 일상의 모든 기록들이 자신을 표현하는 메시지가 된다고 말한다. 이력서나 포트폴리오로 자신을 소개하는 것을 넘어 이제는 소비로도, sns관계망으도 나를 표현하는 시대가 온 것이다. 사람들은 이제 필요에 의해 구매하는 물질소비가 아닌, 자신의 개성을 드러내고 의미를 표현하기 위한 의미소비를 한다. 나 또한 요즘 들어 소비 패턴이 이런 식으로 변하고 있다. 같은 물건이더라도 브랜드가 추구하는 가치가 내가 지향하는 바와 맞는 경우에는 더 즐거운 마음으로 소비를 하게 되고 해당 브랜드를 기억하게 되는 것 같다.콘텐츠 소비 또한 마찬가지로 내가 어떤 콘텐츠를 선택하느냐는 곧 나의 취향을 은연중에 알리는 것과도 같다. 나의 sns에서 누구를 팔로우하느냐도 나의 관심사와 네트워크를 공개하는 행위의 일종인 셈이다. 저자는 결국 이 모든 것이 수렴된 나의 라이프스타일, 나의 모든 것이 메시지가 된다고 말하고 있다.한편으로는 나의 모든 기록이 나를 보여주는 수단이 된다는 게 조금 숨막히기도 하고 무섭게 느껴지기도 한다. 비밀이 없는 사회가 되어가고 있는 것 같다. 나는 지금까지 현실에 안주하며 변화를 두려워하고 거부해왔다. 어쩌면 나는 그 변화에 해당되지 않을 거라고 생각했던 것 같기도 하다. 그러나 저자가 서문에서 이야기했듯이 아직 나에게 일어나지 않았다 해도 변화는 분명히 일어나고 있다. 언젠가는 나에게도 올 그 변화를 맞이할 준비를 해야할 것이다. 모든 것에 장단점이 있듯이 새로운 세상의 장점도 분명히 있을테니 조금은 덜 무서워해도 되지 않을까?   "
희,2022/04/06,이방인,알베르 카뮈,책세상,2015/12/10,"   Aujourd'hui, maman est morte. 오늘, 엄마가 죽었다. 첫 문장이 유명한 책이다. 주인공 뫼르소의 어머니의 죽음을 시작하여 뫼르소의 살인과 죽음으로 끝을 맺는 <이방인>은 유명한 고전 소설이지만 처음 접한 독자들은 당황스러움을 느낄지도 모른다. 그 이유는 죽음에 대한 뫼르소의 태도에 있는데 그가 어머니의 죽음 앞에서도, 살인죄로 사형 선고를 받았을 때도 마치 남의 일인 양 무관심한 행동으로 일관하기 때문이다. 그가 감정적으로 동요하는 순간은 뫼르소에게 기도할 것을 강권하던 신부가 마지막으로 방문했을 때 뿐이다. 이 부분을 이해한다면 뫼르소가 왜 무덤덤한 태도를 취해왔는가를 납득할 수 있게 된다. 그러나 이를 이해하기 위해서는 '실존주의' 사상에 대한 정리가 선행되어야 하므로 당황스러움을 느끼는 독자들의 마음에 절실하게 공감한다.실존주의 철학자 중 가장 많이 알려져 있는 하이데거의 실존주의를 살펴보면 도움이 될 것이라 생각한다. 하이데거 실존주의의 대표적인 개념 '현존재(Dasein)'는 '지금 여기에 있는 현실적인 인간 존재'라는 의미이다. 하이데거는 인간을 '죽음에 이르는 존재'로 여겨 인간만이 자신의 죽음을 예견하고 존재의 의미를 물을 수 있다고 파악하였다. 오직 인간만이 죽음을 수용하는 주체적인 결단을 내림으로써 참된 실존을 회복할 수 있고 스스로 삶을 창조해나가는 능동적인 존재가 될 수 있다는 것이다. 또한 '현존재'는 자신이 죽음을 향해 나아가고 있다는 사실을 받아들이고 일상적이고 획일화된 삶에서 벗어나고자 하며, 그런 삶을 벗어나는 순간 진정한 실존을 회복한다는 것이 하이데거 실존주의의 기본 주장이다. <이방인>에 나오는 뫼르소의 심리를 살펴보면 죽음을 직시하고 있는 그의 태도를 볼 수 있다.다른 사람들 역시, 어느 날 사형선고를 받을 것이다. 그 역시, 사형선고를 받을 것이다. 만약, 그가 살인범으로 고발되고 그의 어머니 장례식에서 울지 않았다는 이유로 처형을 당한다한들 뭐가 문제란 말인가? (중략) 나는 그의 사제복 칼라는 움켜쥐었다. (중략) 그는 너무나 확신하고 있는 것 같았다. 그렇지 않은가? 그럼에도 불구하고 그의 확실성은 여자 머리카락 한 올의 가치도 없는 것이었다. 그는 죽은 사람처럼 살아 있기에 살아 있다고 조차 확신할 수 없는 것이었다. 나는, 빈손에 공기를 쥐고 있는 듯 여겨진다. 그러나 나는 나 자신에 대해, 모든 것에 대해, 그가 확신하는 것 이상으로, 나의 삶과 다가올 죽음을 확신하고 있었다. (중략) 아주 오랜만에 다시, 나는 엄마를 생각했다. 그녀가 왜 삶의 끝에서 '약혼자'를 갖게 되었는지, 왜 그녀가 다시 시작하는 게임을 펼쳤었는지 이해할 수 있을 것 같았다. (중략) 그렇게 죽음에 인접해서야, 엄마는 자유를 느꼈을 테고 모든 것을 다시 살아볼 준비를 했음이 틀림없었다.- 이방인(알베르 카뮈) p.166위 인용문을 살펴볼 때 눈에 띄는 점은 뫼르소에게는 그가 무엇 때문에 죽는가는 중요하지 않다는 점이다. 그에게 중요한 점은 무엇 때문에 죽는가가 아니라, 죽기 직전에 느낀 행복감과 확신이다. 그래서 그저 아무것도 깨닫지 못하고 신께 기도 드릴 것만을 바라는 신부가 그에게 공기처럼 느껴진 것이다. 그렇게 죽음 끝에 와서야 뫼르소는 어머니 또한 죽음을 수용하고 실존을 회복했음을 깨닫고, 어머니가 죽기 직전 약혼자를 가진 것을 이해하게 된다. 정리하자면 <이방인>은 어머니의 죽음(넓게 보자면 '타인의 죽음'이라 할 수 있다.) 앞에서도 무관심하게 굴었던 뫼르소가 직접 죽음을 맞닥뜨리고 나서야 그 행동을 이해하고 그에 공감하게 되는, 즉 참된 실존을 찾아가는 과정이라 볼 수 있다. 여전히 <이방인>이 어렵게 느껴질 수 있다. 필자도 이 책을 이해하는 데에 상당한 시간을 들였다. 더 일상적인 말로 정리하자면 '진정한 인생은 자기 자신이 만들어가는 것이다.' 정도로 볼 수도 있을 것 같다. 다만 여기서의 '진정한 인생'이란 일상적이고 정형화된 삶이 아니라, 죽음을 수용한 뒤 즐기는 비일상적이고 자유로운 삶인 것 뿐이다. 물론 당장 지금부터 실존주의자들의 '인생'을 살기란 불가능하다. 그러나 우리의 삶은 우리에게 주어진 특권이며, 이를 죽기 전까지 놓지 않고 살아야 함을 명심한다면 진정한 인생에 한 발자국 가까이 다가갈 수 있을 것이라 생각한다. (참고: 2022학년도 수능 대비 수능특강 윤리와 사상)   "
밤톨이,2022/04/02,클라라와 태양,가즈오 이시구로,민음사,2021/03/29,"   뉴스를 보며 세상이 급속도로 변하고 있음을 실감한다. 가상세계에서 인간의 일상을 구현한다는 ‘메타버스’라는 낯선 단어가 끝없이 매체를 통해 보도되고, 자동차업과 조선업에서는 자율주행 모듈을 탑재한 운행 수단을 연이어 출시하거나 계획하고 있다. 당장 우리 주변만 봐도 무인 문구점, 아이스크림 판매점을 심심찮게 볼 수 있다. 몇 주 전에 아버지와 뷔페형 레스토랑인 애슐리를 갔다가 로봇이 우리가 먹고 남은 접시와 식기를 수거해가는 것을 보고 다소 충격을 받았다. 전엔 분명 ‘인간’ 아르바이트생이 했던 일인데... 『크로스 사이언스』라는 책에는 현재 한국 사회의 가장 큰 화두인 ‘기본소득’ 정책이 1900년대 중후반에 로봇에 대한 두려움으로 처음 등장했다는 내용이 나온다. 당시 급속도로 발전하고 있던 로봇으로 인해 위협받던 노동자들의 생계를 보장하자는 취지로 등장한 정책이었다. 물론 당시 논의되었던 기본소득 정책은 제대로 실현되지 못했지만, 현재까지 진화 중인 AI에 대한 인류의 두려움은 훨씬 더 커졌다는 사실을 우린 주목할 필요가 있다. 두려움의 가장 큰 원인은 아마 ‘대체가능성’일 것이다. 노동력의 대체 그리고 이어지는 자본시장에서의 인간 소외. 하지만 노동의 범주를 넘어 로봇이 나를 대신하여 가족 구성원이 되는 상상을 학우들께서는 해본 적이 있는가. ‘인공지능 로봇이 시한부 인생인 한 인간의 일상적 말투와 자세를 학습해 가족 구성원의 역할을 대신 수행한다면?’ 우리는 ‘인간 고유의 특질이란 과연 존재하는 것일까’라는 근본적인 질문을 한 번쯤 던져볼 필요가 있다. 그래서 이번에 학우들께 소개할 작품은 가즈오 이시구로의 『클라라와 태양』이다. 작품은 인간의 형상을 한 로봇 ‘AF(Artificial friend)’가 우리 일상에 깊숙이 들어온 시대를 배경으로 한다. 기술은 급속도로 발전하고 상류 계층에 속한 부모 세대는 자녀를 ‘향상된’ 아이로 만들기 위해 개량을 시도한다. 향상된 아이들은 개량을 받지 못한 하류층의 평범한 아이들과는 달리 우수한 교육을 받고, 그들 스스로 향상된 아이들만의 사교클럽을 이뤄 활동한다. 개량은 반드시 성공하는 것이 아니고 실패할 경우 생명에 지장이 있을 정도로 몸이 병약해질 수 있다. 조쉬는 개량에 실패해 몸이 많이 약해진 아이다. 그리고 조쉬가 우연히 AF 상점에 전시된 클라라를 맘에 들어 한 것을 계기로, 둘은 가족이 된다. 클라라는 무조건적인 헌신을 보여준다. 아픈 조쉬의 수발을 들고, 기꺼이 조쉬의 ‘감정 쓰레기통’이 되어준다. 또, 강한 햇살을 받으면 조쉬가 나을 거라는 순수한 믿음을 가진 채, 아무도 모르게 곳간에서 태양을 향해 조쉬를 낫게 해 달라 간절히 기도한다. 클라라는 아픈 조쉬를 대체해 진짜 ‘자녀’가 될 수 있었지만 –납득하기 어렵겠지만 이 시대는 인간과 AF를 구별하는 그 어떤 것도 사실은 없다는, 즉 인간적 특질이 허상에 불구하다는 주장이 팽배한 시대였다- 그러기를 거부하고 자신의 몸을 망가뜨려가면서까지 조쉬의 재활을 돕는다. 조쉬 안에는 조쉬와 자신을 구분할 수 있는 특질을 비록 찾을 수 없을 지라도, 조쉬를 사랑하는 이의 마음속에 AF인 자신이 받을 수 없는 무언가가 있다는 믿음을 가진 채 말이다. 클라라의 헌신 덕일까. 그 어느 때보다 강렬한 태양빛을 쬔 어느 날, 조쉬는 기적처럼 낫는다. 그리고 회복한 조쉬는 향상된 아이들이 속한 사회로, 역할을 다한 클라라는 AF 폐기장으로 간다. 폐기장에서 클라라는 과거에 AF 상점에서 자신을 관리했던 매니저와 조우한다. 그리고 클라라가 매니저에게 조시와 인연을 만들 수 있어, 그녀를 도울 수 있어 행복했다 말하는 것으로 작품은 끝맺는다. 『클라라와 태양』은 이전의 이시구로의 작품들과 주는 느낌이 비슷했다. 사건 전개도 다소 박진감이 없고, 문장들도 느슨하다고 느낄 수 있는데, 책을 이상하게 덮을 수 없다. ‘느림의 미학’이랄까. 분명 지루한데 묘하게 끌린다. 아마 이시구로 문체 특유의 쓸쓸함이 때문이 아닐까. 차분한 문장으로 독자를 먹먹하게 만드는 그 능력은 감히 다른 작가가 흉내낼 수 없는 것 같다. 몇 가지 질문을 던져 본다.인간적인 면모라는 게 과연 뭘까? 우리가 은연중에 타인에게 갈구하는 공감과 배려를 인공지능이 훨씬 더 잘 보이고, 사회적 역할을 잘 수행하면 어느 순간 ‘인간’의 범주에 인공지능이 편입될 수 있지 않을까? 인간처럼 느끼고, 사고하고, 인간보다 더한 희생과 헌신을 보이는 이를 기계와 같은 단순한 소모품으로 취급할 수 있을까? 서두에 언급했듯이, 기술이 급속도로 발전하고 있음을 체감하고 있다. 필자 뿐만이 아니라 다른 분들도 마찬가지일 것이라 생각한다. 다들 다른 방식으로 변화에 대처하고 있다. 우후죽순처럼 쏟아지는 4차 산업혁명, 메타버스 관련 서적을 탐독하는 분들도 계시고, 취업난 속에 많은 대학생들은 경쟁력을 조금이나마 더 갖추기 위해 데이터, 컴퓨터 프로그래밍 관련 학과를 복수 전공하기도 한다. 기성세대는 변화에 직접 부딪히는 대신에 나스닥에 상장된 많은 ‘기술주’에 투자하는 것으로 나름의 생존 전략을 꾀하고 있다. 이러한 대처들은 결국 ‘변화하는 시대에 어떻게 살아남을까’에 대한 각기 다른 대답일 뿐이다.  『클라라와 태양』, 이 작품을 읽고, 필자는 ‘인공지능과 함께 살아가는 법, 인간다움을 지키는 법’에 대해서도 우리 사회구성원들이 머리를 맞대고 더 많이 고민했으면 하는 작은 소망을 품어본다.미래를 향해 가는 학우들의 발걸음에 『클라라와 태양』이 내리쬐길 바라며 이만 서평을 마친다.   "
백색왜성,2022/03/31,"조선의 여성 역사가 다시 말하다 (조선시대 여성들의 안과 밖, 그 천의 개성을 읽는다)",정해은,너머북스,2011/02/07,"   ‘역사를 잊은 민족에게 미래는 없다’라는 말이 있다. 출처가 불분명한 격언이지만 현대 대한민국 국민 중 이 말을 모르는 사람은 거의 없을 것이다. 역사에 대해 무지한 상태에서 진보를 이루기는 어려움을 지적하는 이 말은 역사의 중요성을 드러내는 말 중 하나이기도 하다. 그런데 이 격언에서 등장하는 ‘역사’는 무엇을 뜻하는 것일까? 어떤 사람들은 조선왕조실록의 기록 체계를 떠올리며 ‘어느 정도의 객관성’을 주된 특징으로 떠올릴 것이고, 또 다른 사람들은 ‘승자의 역사’라는 말을 떠올리며 ‘편파성’을 주된 특징으로 떠올릴 것이다. 또 어떤 사람들은 ‘거시적 관점’에서 서술된 역사만이 역사라고 생각할 것이고, 어떤 사람들은 일반 시민들의 일상에 대한 서술도 역사라 부를 가치가 있다고 생각할 것이다. ‘조선의 여성, 역사가 다시 말하다’ (정해은, 2011) 에서 저자는 책 전체에 걸쳐 크게 세 가지의 주장을 펼친다. 첫 번째로 저자는 역사란 결코 객관적일 수 없음을 지적한다. 조선 시대, 여성은 평생 가정에 갇혀 살아야 했고 공적인 공간으로 나아갈 수 없었다. 정절의 수호가 생명보다 중시되는 사회였고 그 이유가 무엇이었든 실절했다면 자살하는 것이 미덕이었다. 그것이 국가와 사회가 바라는 여성의 모습이었다. 그렇기에 정식 역사서의 기록은 정절을 유지한 여성과 그렇지 않은 여성 중 전자의 경우에 크게 치우쳐 있다. 역사서가 집필될 무렵 있었던 수많은 여성들 중 국가가 원하는 정절과 절개와 지조를 유지한 여성들만 골라 기록한 것이다. 그리고 이 기록이 모여 역사가 되었다. 즉 우리가 역사라고 부르는 내용 안에는 사실로서 변하지 않는 역사도 있지만 사람들이 그렇게 기억해 주기를 바라는 역사도 있다. 역사는 기록 그 자체로 받아들여져서는 안 되며, 누가 어떤 관점에서 어떤 목적을 가지고 사실을 기억해 전하는지 주목해야 한다는 것이 저자의 주장이다. 두 번째로 저자는 굵직한 사건들에만 집중하는 경향에서 벗어나기를 권한다. 익명의 일반인들, 특히 여성에게도 관심을 가질 필요가 있다는 것이다. 비록 역사의 흐름에 큰 족적을 남기지 못했다고 해도 그들의 삶은 시대가 추구하는 관념이 실현되는 생생한 현장이고, 이들의 삶이 모여 우리 선조의 역사를 이룬다. 이런 ‘작은’ 사람들의 삶을 기억해야 사회의 맥락을 알 수 있고, 시대성을 파악할 수 있으며, 사회적으로 큰 사건이나 인물 중심의 역사가 아닌 생활 속의 역사를, 사실을 알 수 있다고 저자는 말한다. 세 번째로 저자는 한 인물의 삶을 해석할 때 당대의 사회적 맥락이 반드시 고려되어야 한다고 말한다. 인물이 그렇게 행동한 동기는 사회 속에 존재하므로, 인물의 삶을 파악하다 보면 당대 사회가 지향했던 관념과 중시했던 요소들을 알 수 있다. 즉 한 무명의 인물이 살아간 방식을 분석하는 것이 당시 사회의 정체성을 파악하는 데 커다란 도움이 될 수 있다는 것이다. 첫 번째 – 어디까지 기록하며, 어떻게 서술할 것인가? 저자는 20명이 넘는 여성들의 사례를 이용하여 위의 세 주장을 효과적으로 뒷받침한다. 우선 첫 번째 주장에 대해 살펴보자. 첫 번째 주장은 역사는 객관적일 수 없다는 것이다. 현재 우리가 역사라고 부르는 것들은 대부분 과거의 기록에 그 뿌리를 두고 있다. 하지만 하나의 기록은 하나의 관점에서만 이루어지고, 전쟁과 세월에 의한 소실, 그리고 일부의 의도적 폐기로 인해 남아 있는 기록의 절대적인 양도 턱없이 적으며, 엄청나게 한정적인 수의 사람들만을 다룬다. 이뿐만 아니라 기록은 거대한 사건의 집합체에서 거르고 걸러진 극소수의 사건들만을 언급한다. 당대에 중시되던 가치의 관점으로 먼저 사건을 선별하고, 이 사건들을 다시 추려 만들어지는 것이 기록이다. ‘어디까지 기록할 것인가’라는 물음에 대한 답은 사회가 추구하는 관념에 따라 달라지고, 기록자의 가치관에 따라서도 달라지며, 해당 기록이 어떤 목적으로 제작되었는지에 따라서도 달라진다. 어떤 서술 방식을 채택하고 어떤 요소를 가감하는지에 따라 묘사 방향이 완전히 달라지기도 한다. 즉 기록은 절대로 사건의 전체가 될 수 없다. 필자가 언급했던 것처럼 우리가 역사라고 부르는 내용 안에는 변하지 않는 사실과 해당 기록을 읽는 독자들이 기억해주기를 바라는 내용, 즉 사건의 선별로써 이루어진 관념의 적용과 서술법이 혼재되어 있기 때문이다. 또한 기본적으로 기록은 권력자의 영역이다. 권력자는 권력의 강화와 유지가 필수적이고, 이 권력을 위해 자신들이 이상적이라 생각하는 것을 민중들과 이후 세대에게 정당화할 필요가 있다. 이 목적을 이루기 위해 권력자는 관념에 부합하는 것을 주로 기록으로 남기며, 그렇지 못한 사건들은 기록하지 않고 잊히게 내버려두기 마련이다. 조선은 정절의 유지가 여성의 타고난 의무라는 관념을 추구했다. 그렇기에 수많은 여성들의 삶 중 해당 관념과 일치하는 사례들을 중점적으로 선별하여 기록했고, ‘삼강행실도’ 등을 통해 민중들에게 해당 관념을 전파하려 노력했다. 결국 이는 책에서 등장한 여성 중 하나인 ‘숙희’처럼, 여성이 자발적으로 시작한 공부가 결국 그를 죽음까지 불사하는 열녀로 만드는 딜레마가 발생하는 원인 중 하나가 되기도 했다. 이러한 세부적인 이유들로 뒷받침되는 글쓴이의 첫 번째 주장은 현대 사회에서도 여전히 유효하다는 점에서 그 가치가 돋보인다. 현대는 조선처럼 명시적이고 절대적인 지배층은 없으나 일정 기간 동안 유지되는 지배층의 성향에 따라 추구하고 강조하는 가치가 완전히 달라지고 그것이 마치 온전한 사실인 것처럼 생각하게 하는 경향이 농후한 사회이기 때문이다. 이런 현상은 현재 상황뿐만 아니라 과거사에도 동일하게 적용되는 경우가 많다. 글쓴이의 주장을 기억하고 서술된 것이 전부가 아닐 수 있음을 반드시 기억해야 하는 이유이다. 두 번째 – 지배층 말고, 대사건 말고, 그저 평범한 일반인 다음으로 두 번째 주장에 대해 살펴보자. 글쓴이의 두 번째 주장은 역사를 살아간 일반인들, 특히 여성들의 삶에도 관심을 가질 필요가 있다는 것이다. 현재 중학교와 고등학교에서 배우는 역사는 거의 예외 없이 시대의 흐름을 뒤틀었던 역사적 사건만을 다룬다. 그렇기에 교육과정에서의 역사는 남성의 전유물이다. 오랜 시간 동안 여성의 공적 공간 출입은 금기였다. 여성은 가정에서만 활동할 수 있었고 동시에 가정에서만 보호받을 수 있었으며 누군가의 아내이자 어머니로서만 존재할 수 있었다. 성씨와 본관만이 아닌, 이름 전부가 기록에 남고 현대에도 기억되는 여성이 몇이나 되는가? ‘신천 강씨’, ‘남평 조씨’의 이름들은 모두 어디로 갔는가? 조선의 여성들은 오로지 아버지로부터 물려받은 성씨를 통해서만 가치를 가질 수 있다는 것인가? 여성들이 있었기에 유지될 수 있었던 가정과 양육의 가치는 완전히 무시되는 것인가? 여성들은 편지로 일상의 기록을 남겼다. 완전히 사적인 용도의 글이었기에 여과 없고 솔직하게 감정을 써내려갈 수 있었고, 사회 체제에 대한 그 어떤 미화도 필요치 않았다. 그들은 그저 힘들면 힘든 대로, 행복하면 행복한 대로 글을 썼고 감정을 주고받았다. 이런 면에서 편지는 정사와는 또 다른 역사적 시각을 제공한다. 분명히 정식 기록에 비해 ‘편파’적일 수는 있으나, 겉으로 잘 드러나지 않던 역사의 이면을 들추어 이해의 폭을 넓히는 데 큰 도움을 주기 때문이다. 이와 더불어서 조선 시대 여성들은 가정사를 온전히 책임져야 했다. 이들이 있었기에 가정이 유지될 수 있었고 아이들이 가정의 테두리 안에서 성장할 수 있었다. 어쩌면 조선 시대 민중의 사고방식의 근간을 이루었던 것은 여성들일지도 모른다. 사고방식의 기반이 형성되는 아동기 시절이 여성들의 책임 하에 있었기 때문이다. 그렇기에 당시 시대를 살아갔던 또 다른 주체인 민중을 제대로 알기 위해서는 익명의 일반인, 그 중에서도 가정의 근간을 이뤘지만 역사 속에서 더욱 잊힌 존재였던 여성에 대한 이해가 필수적이다. 역사는 선별된 기록으로서 객관적일 수 없다는 글쓴이의 첫 번째 주장은 이 두 번째 주장으로 보강되며, 그 가치를 갖는다. 한 시대를 살아간 사람들 중 특정 성별과 특정 신분의 이야기만을 뽑아내어 기록한 것을 온전한 역사라고 칭할 수는 없을 것이기 때문이다. 세 번째 – 민중의 삶과 사회적 맥락, 그 연관성에 대해 마지막으로 세 번째 주장에 대해 살펴보자. 글쓴이의 세 번째 주장은 인물의 삶과 사회적 맥락은 반드시 연결되어야 한다는 것이다. 본문에 등장한 ‘원이 엄마’의 사례처럼, 같은 내용이더라도 문체와 말투에 따라 기록에 포함되는 배경과 맥락은 완전히 달라질 수 있다. 사료를 해석할 때 해당 사료가 어느 시대의 것인지, 또 그 시대는 어떤 가치를 중시했는지에 대한 고려가 반드시 필요한 이유다. 글쓴이의 이 주장은 현대 사회에서도 절실하기에 그 가치가 크다. 현대 사회의 일상적인 사건들을 살펴보아도 앞뒤 맥락과 사회적 배경 지식을 전부 떼어 놓은 채 행위 그 자체만으로 누군가를 평가하고 비난하며 잘잘못을 따지는 일이 너무나도 많다. 역사적 사건을 해석할 때는 물론이고, 일상적인 문제 상황을 맞닥뜨렸을 때에도 사건에는 맥락이라는 것이 존재함을 잊지 말아야 한다. 끝맺으며 – 여성의 역사, 아웃사이더의 역사 앞에서도 언급했듯, 조선 시대부터 그 이전까지 기록된 역사는 남성의 전유물이다. 여성은 소외된 사람들이었고 가정에 매여 밖으로 나올 수 없는, 정계의 아웃사이더였다. 사회는 여성을 결혼이라는 제도에 구겨 넣고 가정과 육아 안에 묶었다. 또한 한 남성을 평생에 걸쳐 ‘섬기는’ 것과, 이것의 연장선으로 성적 욕구를 불결하게 취급하며 정절이라는 잣대를 목숨보다 중시하도록 가르쳤다. 현대 이전까지 여성의 자아실현 욕구는 존중되지도, 충족되지도 못했다. 아들의 출산이 여성의 건강과 생명보다 우선시되었고, 아들을 출산하지 않은 여성은 무고하게 가정 내의 지위를 잃어야 했다. 이런 상황 속에서 조선 시대의 여성이 눈에 띄는 정치적, 학문적 업적을 이루기 어려웠던 것은 어쩌면 당연할지도 모른다. 그런데 그 ‘당연히 없을 것’ 이라는 고정관념 속에 갇혀 시대적 압박을 조금씩이나마 이탈하고 업적을 일궈냈던 여성들이 존재함을 우리는 무의식적으로 무시하고 살아왔던 것이 아닐까? 애초에 없을 것이라는 생각으로 엄연하게 존재하는 여성들의 기록과 여성들의 업적을 생각조차 하지 않으려 했던 것이 아닐까? 조선처럼 꽉 막힌 사회의 최대 피해자인 여성들의 업적이 뛰어나면 얼마나 뛰어나겠냐는 고정관념에 갇혔던 것은 아닐까? 이 책의 또 다른, 그리고 가장 중요한 가치는 바로 여기서 나온다. 남성 중심의 역사밖에 배울 수 없는 지금과 같은 환경에서 생기기 쉬운 고정관념들을 부수어 준다는 것이다. 여성도 엄연히 역사 속을 걸어간 생존자였고 민중이었으며 관념에 희생당하면서도 살아 숨 쉬고 인생사에 울고 웃었던 존재라는 것을 이 책은 다시 일깨운다. 어느 시대에나 조선 여성처럼 소외되어, 업적을 남겼음에도 불구하고 기록되지 못하고 기억되지 못하는 아웃사이더는 존재하기 마련이다. 그들을 모두 기억해 내고 기록할 수는 없겠지만, 적어도 우리가 파악한 지식이 과거 시대의 ‘전부‘를 담고 있는 ’사실‘이라는 성급한 판단은 금물이다. 이 책을 통해 많은 독자들이 조선 시대의 학문적 업적은 당연히 남성일 것이라는 고정관념에서 벗어나고, 우리가 배우는 ‘한국사’ 과목은 온전한 사실도, 객관적인 기록도 될 수 없음을 유념할 수 있었으면 하는 바람이다.   "
이예원,2022/03/28,"문명 건설 가이드 (길 잃은 시간여행자를 위한,인간이 만들어낸 거의 모든 도구와 기계의 원리)",라이언 노스,웅진지식하우스,2019/11/27,"    문명 건설 가이드라는 책 제목이 눈에 띄어 집어 들게 되었다. 그리고 시간여행자라는 제목의 단어에 책에 호기심이 생겼고 표지 또한 딱딱하고 지루한 내용으로 보이지 않아 책을 펼치게 되었다.책 자체에 배경 설정이 되어있다는 점이 재밌게 느껴졌는데 앞부분을 읽어보면 타임머신을 만든 미래에 타임머신 오류로 과거에 갖히게 된 이용자를 위해 넣어둔 안내서를 책을 쓴 작가, 라이언 노스가 발견하게 되었다는 설정이라는 것을 알 수 있다. 재밌는 건 그 안내서를 쓴 저자의 이름도 라이언 노스라는 것이다. 물론 이 '문명 건설 가이드 (길 잃은 시간여행자를 위한, 인간이 만들어낸 거의 모든 도구와 기계의 원리)'를 쓴 작가는 전혀 아는 바가 없지만 말이다. '인간이 만들어낸 거의 모든 도구와 기계의 원리'라는 소제목 답게 어렵게 느껴지는 내용이 왕왕 나온다. 특히 10장의 우리 문명의 도구와 기술에 대해 말하는 부분에서는 어려운 단어와 원리들이 쏟아져나온다. 그럼에도 책을 다 읽고 난 후 떠올려보면 재밌었다고 말할 수 있다. 친근감과 장난스러움이 느껴지는 문투가 특징인데 이 덕분에 중간중간 피식거리고 웃으면서 책을 읽을 수 있었다. 예를 들면 효모는 반죽을 쳐대고 숙성하는 동안 반죽에 든 당분을 먹다가 불 위에서 전멸하게 된다면서 현미경으로나 볼 수 있는 작은 생물들의 힘을 빌려 빵을 만들고 필요 없어지자마자 이들을 몰살했다는 것을, 당신이 먹는 빵에는 수백만마리의 미생물 시체가 들어있다는 것을 잊지말라고 말한다거나. 또한 어려운 내용도 보다 쉽게 풀어서 설명해주는데 사람들이 재밌어할 방식으로 글을 쓰고 가르칠 수 있는 사람이라고 느꼈다. 가장 인상적이었던 것은 철학 사상이 나오는 12장에서 하이파이브의 관점으로 철학을 논의한 것이다. 그게 무엇이냐 하면 일신론은 신이 나와 하이파이브를 한 것이고 다신론은 하나 이상의 신이 나와 하이파이브를 한 것이다. 이와 같이 이어나가면 자가신론은 내가 나와 하이파이브를 했으므로 내가 신이다. 향락주의는 쾌락은 아주 좋은 것이지만 최고의 쾌락은 고통과 두려움이 없는 상태이므로 나는 하이파이브를 적당히 할 것이다. '손바닥이 아픈 건 싫으니까.'로 나타내었다. 철학 사상들은 대체로 지루하고 어렵다고 느끼는데 이렇게 하이파이브로 나타내면 이해하기도 쉽고 웃음도 줄 수 있다. 닭이 먼저냐 달걀이 먼저냐 하는 오랜 논의에 관한 몇줄도 있다. 책에서 작가는 최초의 닭은 그 닭을 닭으로 만든 돌연변이가 일어난 상태로 최초의 달걀 안에 들어 있었을 것이므로 달걀은 닭이 되기 전의 닭이 낳은 것이라서 달걀이 먼저라고 말한다. 내용을 곱씹어보면 맞는 말이라고 고개를 끄덕이게 되는데 왠지 웃음이 나오게 만드는 문장이었다.웃음을 주는 인상적인 부분 말고도 인상적인 부분은 10장에서 도구와 기술 하나를 소개할 때마다 함께 적혀있는 '사람들에게 말할 때 맛깔나는 양념을 치기 위한' 인용구들이다. 그 중에서 가장 기억에 남는 건 니콜라 테슬라의 ""미래로 하여금 진실을 말하고 일과 업적에 따라 평가하게 하라. 현재는 그들의 것이다. 앞을 내다보고 일한 미래는 내 것이다.""라는 말이었다. 비록 나는 미래보다 현재를 더 중요시 여기는 사람이지만 소유의 의미로 현재와 미래를 나타내면서 결국에 미래는 나의 것이 될 것이라고 하는 게 울림을 주었다. 원근법에 대한 내용도 기억에 남는데 '창의적융합디자인' 수업 시간에 배우고 실습한 내용이 생각났기 때문이다. 다른 부분들도 고등학교에서나 이미 알고 있는, 완벽하지 않더라도 어느 정도 지식이 있는 부분을 더 재미있게 읽고 더 기억에 남게 되는 것 같다. 책을 읽으면서 재밌었고 이렇게 우리가 여러가지를 발명하고 발견하면서 문명을 발전시켜왔구나하는데에서 오는 신기함을 느꼈다. 한 편, 더 일찍 만들거나 발견할 수 있었음에도 아이디어 하나를 떠올리지 못해 발명/발견까지 오랜 시간이 걸리는 많은 경우를 알게 되면서, 이미 발명/발견했던 것이 전해지지 못하거나 잊히면서 재발견되거나 재발명하는 짓을 반복하는 것을 보면서 인간이라고 어이없음을, 인간이라고 그렇게 똑똑하지도 않은 것 같다고 느끼기도 했다.    "
밤톨이,2022/03/27,향수,밀란 쿤데라,민음사,2000/12/01,"   우리가 뒤에 남겨둔 삶은 어둠 밖으로 나가려고 하고, 우리에게 불평을 늘어놓고 우리를 비난하려는 나쁜 습관을 갖고 있다. 조제프는 보헤미아로부터 멀리 떨어져서 그의 과거에 대해 될 수 있으면 생각하지 않으려고 했다. 그러나 과거는 그를 기다리고 관찰하면서 거기에 있었다. 불편해진 조제프는 다른 것을 생각해 보려고 했다. 그러나 자신의 과거의 나라를 보러 온 사람이 과거가 아니면 도대체 무엇을 생각할 수 있겠는가?                                                      -밀란 쿤데라 『향수』 중에서- ‘과거로부터 자유롭지 못한 인간’을 이렇게 멋지게 표현할 수 있는 작가가 밀란 쿤데라 말고 또 있을까? 이번에 소개할 책은 밀란 쿤데라의 『향수』이다. 올해만 벌써 밀란 쿤데라의 작품을 세 권이나 읽었다. 훈련소에서 「무의미의 축제」를 읽었고, 사랑에 대해 쥐뿔도 모르면서 「우스운 사랑들」을 읽고 연신 고개를 끄덕였었다. 그리고 2020년 말미를 또 쿤데라의 작품 『향수』와 함께 하게 되어 뿌듯하다. 『향수』는 체코가 공산주의 체제 지배하에 놓여있던 시절, 타지로의 망명을 택한 이레나와 조제프가 점령 세력이 물러난 지 수 년의 시간이 흐른 후 저마다의 이유로 체코에 잠시 머물렀을 때 일어난 이야기를 다룬다. ‘부재하는 것에 대한 무지로부터 비롯된 고통’을 향수의 어원으로 밝히며 작품은 시작되고, 이레나와 조제프의 시점을 교차해 가며 작품은 전개된다. 그 과정에서 독자는 몇 가지 쟁점에 부딪힌다. ‘망명자’를 비난하는 통념적인 시선은(망명자의 조국으로의 귀환을 환영하는 사람보다는 그 반대가 훨씬 더 많을 것이라 생각한다.) 과연 정당한가? ‘조국과 이념’은 우리 삶에 어떤 의미를 가질 수 있는가?, 향수는 ‘시간’과 ‘기억’이라는 개념과 불가분의 관계인데 시간과 기억은 우리 삶에 어떻게 작용하는가?  #망명망명자에 대한 사회의 시선은 그리 관대하지 않다. 나 역시 ‘망명’이라는 단어 자체가 주는 불안정과 소외감, ‘조국에 대한 배신자’, ‘고통을 분담하지 않는 도망자’ 등의 이미지를 망명자와 결부시키고는 한다. 작품 속 조제프와 이레나 역시 마찬가지다. 체코로의 귀향은 그들에게 상처만 남길 뿐이다. 오랜만에 만난 고향 사람들과 가족은 그들의 타국 생활에 대해 일체 묻지 않는다. 그저 망명 전 체코에서의 본인들과 공유했던 경험을 조제프와 이레나가 여전히 기억하고 있는지, 조국(체코)의 문화와 관습이 조제프와 이레나의 생활양식에 여전히 남아있는지를 거듭 확인할 뿐이다. 이러한 태도는 그들이 타지에서 보낸 세월을 송두리째 잘라내는 셈이다. 그리고 체코에 머물렀던 과거와 체코에 머무르고 있는 현재를 다시 꿰매려고 한다. 마치 그녀의 팔뚝을 잘라내고는 손을 곧바로 팔꿈치에 갖다 붙이려는 듯이. 오랜만에 고국으로 돌아와 자신의 형을 만나고서야 조제프는 가족의 부고를 접하고, 자신 소유의 물건을 버젓이 사용하고 있는 형을 보며 묘한 기분을 느낀다. 자신이 가족에게조차 완전히 낯선 이방인이 되었음을, 여전히 자신에게 적의를 보이는 형수를 보며 자신이 ‘무덤에서 깨어난 죽은 이’라는 느낌에 사로잡힌다. 죽은 이는 아무 말도 할 수 없다. 조국을 떠난 것에 대해 항변할 수 없고, 과거 자신의 소유물이 었던 것에 대해 언급조차 할 수 없다...저자는 말한다. ‘공산주의 탄압 속에서 조국에 남아있던 사람들은 그들이 서로 사랑했기 때문이며 그들의 삶이 펼쳐지는 장소와 뗄 수 없는 자신들의 삶을 사랑했기 때문이다. 그리고 반대로 고국에서의 삶을 소중하게 여기게끔 하는 그 어떤 추억도 없는 이는 고국에 머무를 이유가 없는 셈이다.’ 그렇다. 조국에 연민을 가질 만한, 애정을 느낄만한 그 어떤 이유도 찾지 못한 이는 망명을 떠날 수 있다. 그뿐이다. 이들을 비난하는 건 결국 ‘강요된 애국심’으로 귀결되고 조국에 대한 맹목적 환상을 불러일으킬 수 있다. 이념과 민족의 개념이 과거에 비해 많이 약화된 현 세대에게 ‘끝까지 남아 조국을 지켜라’라는 말을 자신 있게 할 수 있는지 우리는 충분히 고민해 봐야 한다. 한편으로는 이 작품 자체가 공산주의 탄압을 피해 프랑스로 망명한 쿤데라 본인이 자신의 망명을 얼마간 정당화하려는 문학적 변명이 아닐까라는 다소 불경스러운(?) 생각이 들기도 했다. 불과 몇 년 전인 2019년, 망명객 밀란 쿤데라는 무려 40년만에 체코 국적을 회복했다는 기사를 접했다. 그때 과연 그는 어떤 기분이었을까...?  #시간과 기억그렇다면 논점을 바꿔 왜 조국은 우리에게 애틋하게 느껴지는 걸까? 왜냐하면 조국이라는 개념 자체는, 그 단어의 고귀하고 감상적인 의미에서 볼 때, 우리네 삶의 상대적인 짧음과 연관되어 있기 때문이다. 이 짧은 생 동안 우리는 다른 나라나 다른 언어에 애착을 갖기 어렵다... (중략) 에로틱한 관계가 성인의 삶 전체를 채울 수도 있다. 그러한 성인의 삶이 지금보다 훨씬 더 길어진다면, 육체적 욕망이 소진되기 훨씬 이전에 권태감이 흥분감을 억누르지 않을까? 왜냐하면 첫 번째 섹스와 두 번째, 백 번째, 천 번째 또는 만 번째 섹스 사이에는 엄청난 차이가 있기 때문이다.  -밀란 쿤데라 『향수』 중에서-이 문장을 보고 밀란 쿤데라의 천재성에 헛웃음만 났던 기억이 난다. 그렇다. 유한함은 우리 삶을 특별하게 만든다. ‘조국’이 우리에게 특별하게 다가오는 이유는 우리가 두세 나라를 충분히 경험하고 진정한 고향으로 인식할 수 있을 만큼 삶이 길지 않기 때문이다. 비단 조국애 뿐 만이 아니다. ‘청춘’과 ‘사랑’이라는 말이 아름답게 들리는 이유도 우리의 평균 수명이 80이기 때문이다. 우리의 평균 수명을 두 배로 늘린다면 우리는 실로 ‘단 한 번뿐인 청춘’, ‘위대한 사랑’이라는 말에 깊은 공감과 애틋함을 느끼지 못할 것이다. 향수도 마찬가지다. 인간 삶의 유한함은 후일의 귀향을 불확실한 것으로 만든다. 그래서 이민자, 망명자들이 본국에 대한 깊은 향수에 젖곤 하는 것이다. 가엾은 기억이란 무엇을 할 수 있겠는가? 그것은 과거로부터 극히 보잘것없는 일부분만을 간직할 수 있을 뿐이다. 우리 모두에게 이러한 선택은 의지나 이해관계와는 상관없이 불가사의하게 이루어지기에, 왜 저것이 아니라 이것을 택했는지는 아무도 알 수 없다. 가장 자명한 이치를 계속해서 회피한다면 인간의 삶에서 아무것도 이해할 수 없을 것이다. 그것이 존재했을 때의 상태 그대로의 현실은 더 이상 존재하지 않는다. 그것의 복원은 불가능하다... (중략) 이 기억을 어떤 의미를 지닌 작은 일화로 이야기하고자 한다면 다른 사건들과 행위들 그리고 말들의 인과 관계 속에 집어넣어야 할 것이다. 그러나 전후 맥락을 잊어버렸기 때문에 그는 그것을 꾸며내는 수밖에는 없었다. 속이기 위해서가 아니라 기억을 설명하기 위하여. 일기장에 몸을 숙이고 끄적이고 있을 때 그가 무의식적으로 한 것이 바로 이것이다.-밀란 쿤데라 『향수』 중에서- 유한한 삶, 그리고 이에 걸맞은 인간의 유한한 기억력. 인간의 기억은 지독히도 짧기 때문에 망각이라는 별칭이 붙는다. 그리고 기억 이 녀석은 ‘취사선택’의 경향이 있어 사람 간의 소통에 오해를 불러일으키기도 하고, 연인들이 서로 공유하는 추억의 무게를 다르게 느끼게끔 만든다. 망각과 취사선택이라는 기억의 본질적인 속성을 우리가 마음 한편에 지니고 있다면, 일상에서 갈등은 줄어들 것이고, 추억을 좀 더 각별하게 느낄 수 있지 않을까. 이 진리를 조금 더 일찍 알았더라면, 사람에게 덜 상처 주고, 덜 상처받았을 거라는 생각이 든다. 아니 어쩌면, 기억의 본질을 이미 알면서도 그동안 외면한 채 살아온 게 아닐까 싶기도 하다... 작품 속 환상적인 문장이 서평에 언급한 것 외에도 너무 많다. 더 소개해드리고 싶지만, 너무 글이 장황해질 것 같다. 학우들께서 밀란 쿤데라의 『향수』, 이 작품을 꼭 직접 읽어보셨으면 한다. 분명 누군가는 저자의 재치에 경탄의 헛웃음을 남발하고, 누군가는 삶을 꿰뚫는 예리한 문장에 무릎을 탁 치며 공감을 표할 것이다.   "
밤톨이,2022/03/27,우스운 사랑들,밀란 쿤데라,민음사,2013/09/20,"   “있잖아, 클라라, 당신은 거짓말이 다 같다고 생각하는데 그게 아니야.” 내가 말했다. “난 아무거나 다 지어낼 수 있고, 사람들을 조롱할 수도 있고, 온갖 속임수를 다 꾸며 낼 수 있고, 온갖 농담을 다 할 수 있지만 내가 거짓말쟁이라는 느낌은 들지 않아. 그런 거짓말들은, 당신이 그걸 거짓말이라고 부르고 싶다면, 그게 나야, 있는 그대로의 나. 그런 거짓말들로 나는 아무것도 감추지 않아. 그런 거짓말들로 나는 실은 진실을 말하는 거야. 하지만 내가 거짓말을 할 수 없는 그런 것들이 있어. 내가 깊이 알고 있는 것, 내가 의미를 알고 있는 것, 내가 사랑하는 것이 있어. 이런 것들을 가지고 난 장난치지 않아. 거기에 대해 거짓말을 한다는 건 나 자신을 비참하게 만드는 일이고 난 그럴 수 없어, 나한테 그걸 요구하지 마, 난 하지 않을 거야.”우리는 서로 이해하지 못했다.그러나 나는 정말로 클라라를 사랑했고, 그녀가 나를 비난하지 않게 무슨 일이든 할 작정이었다.   -우스운 사랑들 중에서-처음 마주했을 때는 허무맹랑하고, 어이가 없어 웃음이 나오기까지 하는 그런 문장들이 곱씹어보고, 다시 음미하면 명백한 진실로 다가오는 순간이 있다. 일상에서 분명 느끼고는 있었지만 딱 잘라 말하기 어려웠던 인간관계의 모순, 인간의 콤플렉스 등을 우아하고 뚜렷하게 표현하는 작가가 있다면 바로 밀란 쿤데라가 아닐까. 이번에 소개할 작품은 밀란 쿤데라의 「우스운 사랑들」이다. 필자 개인적으로 이 작품이 밀란 쿤데라의 대표작인 「참을 수 없는 존재의 가벼움」보다 더 재밌었다. 일단 「우스운 사랑들」은 분량이 그다지 길지 않은 7편의 단편으로 구성되어 있어 부담 없이 읽을 수 있었고, 내가 환상을 갖고 있던 ‘사랑’을 주제로 다루기 때문이었다. 생(生)을 한 편의 농담으로 여기라는 메시지를 던지는 쿤데라의 다른 작품들처럼, 이 작품도 많은 사람들이 과중한 의미를 부여하는 ‘사랑’을 보기 좋게 부숴버린다. 사랑이 얼마나 우스운지, 그럼에도 불구하고 우리는 그 우스움에 눈을 가린 채, 얼마나 열렬히 연인을 사랑하고 있는지를  작품에 관한 간략한 소감을 통해 밝히고자 한다. 『누구도 웃지 않으리』 : 나는 오갈 데 없는 여자 친구를 위해 자신의 집을 기꺼이 내준다. 사랑을 재확인하기 위해 동거의 불편함을 감수한다. 하지만, 불가피한 상황으로 인해 여자 친구에게 더 이상 안락한 공간을 줄 수 없다면? 그리고 더 이상 남자 친구의 집에 머무를 수 없게 된 여자 친구가 새로운, 안락한 보금자리를 주는 다른 남자에게 가 버린다면? 이런 상황 속에서 나는 이별에 오히려 안도감을 느낀다. 여자 친구는 자신의 존재 자체가 아닌 주거 공간으로서의 기능을 사랑했다는 사실을 조금이라도 빨리 깨달았기 때문이다. 우리는 연인이라는 존재 자체를 사랑하는 걸까 아니면 수단적 가치를 사랑하는 걸까. 『영원한 욕망의 황금 사과』 : 마흔 살이 다 되어서도 끊임없이 많은 여자들한테 추파를 던지는 마르틴. 그리고 이런 마르틴과 절친한 사이인 나. 사랑하는 건 자기 아내라고 말하면서 신적인 ‘탐지’ 능력으로 새로운 여자들에게 접근하는 마르틴. 다른 여자와 시간을 보내다가도 자기 아내와의 약속을 지키기 위해 집으로 돌아가는 마르틴. 사랑하는 건 아내라 말하면서도 다른 여자와 시간을 보내는 건 분명 모순적이다. 그렇지만 납득이 안 되진 않는다. 이 모순을 이해할 수 있다. 마르틴과 시간을 보내던 어느 날 나는 나이를 먹어가면서도 많은 여자들에게 추파를 던지는 행위는 분명 의미 없고, 추한 짓이라는 걸 뼈저리게 느낀다. 그리고 되레 마르틴에게 깊은 연민을 느낀다. 젊음을 놓치지 않기 위해, 아니 정확히 말하면 이미 놓쳐버린 젊음에 대한 미련 때문에 이 무용(無用)한 탐지 행위를 계속하는 걸 어찌하겠는가. 나도 이따금 ‘탐지’행위를 한다. 경박스럽고, 부질없는 행위인 줄 깨닫고는 이내 탐지를 멈추다가도 어느새 다시 고개를 둘러보는 나를 본다. 이것이 젊음이자 청춘이라는 번지르르한 말로 나의 탐지 행위를 포장하면서 말이다. 영원한 욕망의 황금 사과가 아직도 소화가 되지 않은 채, 내 몸 안에 남아있는 셈이다. 『히치하이킹 게임』 : 우리는 우리 스스로가 사랑한다고 믿고 있던 사람에게 부여한 ‘환상’을 사랑한다. 존재 자체가 아닌 존재에게 부여한 환상을 말이다. 그리고 지속적인 만남을 통해 서로가 친밀해지면 어느 순간 무방비 상태가 된다. 이런 무방비 상태에서 연인들은 상대방이 자신에게 부여한 환상을 의도치 않게 깨곤 한다. 예를 들면, 수줍고 결백한 자신의 모습을 사랑하던 남자친구를 위해 스스로를 순결한 여자인 척 생각하고 행동했던 여자가 찰나의 순간에 창녀 같은 말과 몸짓을 한다. 그리고 그 순간 연인의 순결함만을 사랑했던 남자는 자신의 애정이 훼손되었음을 느낀다. 인간은 단편적인 모습만으로는 설명할 수 없는 존재이다. 수줍음과 요염한 애교, 고결함과 천박함이 병존하는 게 인간의 참모습이다. 그렇지만 우리는 우리 자신이 연인에게 기대하는 모습만 보려하고, 스스로의 환상을 사랑한다. 눈을 반쯤 가린 사랑을 하는 셈이다. 이 얼마나 우스운 일인가. 나중에서야 결국 스스로가 만든 환상에 스스로가 아파하는 꼴이니 말이다.   『이십년 후의 하벨 박사』:  책의 제목인 「우스운 사랑」을 가장 잘 보여준 에피소드가 아니었을까. 젊은 시절 이성적으로 매력 넘치던 의사이자 유명 여배우의 남편이기도 한 하벨 박사가 휴식과 치료를 위해 변방의 시골 마을을 찾는다. 마을 사람들 중 어느 누구도 하벨 박사를 알아차리지 못한다. 하벨 박사가 늙어버린 자신은 더 이상 매력이 없다고 느껴 좌절하던 찰나, 자신의 아내가 자신을 보러 온다는 소식을 받는다. 그리고 유명 여배우의 방문 소식을 접한 마을 사람들은 이제야 하벨 박사의 존재를 알아차린다. 이전에 하벨 박사를 거칠게 다루던 마사지사는 하벨 박사가 어떤 사람인지를 알아차리고 난 다음부터, 그를 정성스럽게 주무른다. 풍만한 가슴을 내보이며 그의 관심을 얻기 위해 노력한다. 그에게 호감을 얻는다는 것만으로 곧 유명 여배우와 자신을 동급으로 격상시킬 수 있다고 믿기 때문이다. 연애에 있어 권위자인 하벨 박사에게 자신의 여자친구를 ‘평가’해달라고 찾아 온 젊은 기자. 그가 이런 파렴치한 짓을 하는 이유는 하벨과 함께 자신의 여자친구를 평가함으로써 모종의 동료의식을 공고히 형성할 수 있고, 이성에 관해 엄격한 하벨이 자신의 여자친구를 좋게 평가하는 것이 곧 자신의 취향이 옳았음을 증명하기 때문이다. 이 젊은 기자는 연애할 때 여자 친구가 어떤 머리 스타일을 하고, 어떤 옷을 입고 왔는지를 기억하지 못한다. 그저 자신이 입었던 옷과 스타일만을 기억하고, 과거에 왜 그 바지를 입고 나갔는지를 후회하곤 한다. 그리고 여자 친구가 남들 눈에 ‘객관적으로’ 예뻐 보이기를 바란다. 그래야 자신이 대단해보이므로. 우리는 연인에 대한 사랑에 우리 자신의 욕망을 투영한다. 그리고 연인을 진실로 사랑한다고 믿지만 많은 경우 ‘사랑하는 척’에 불과할 때가 많다. 여자 친구와 나란히 걷는 나의 모습이 남의 눈에 어떻게 비칠지를 걱정한다. 그리고 연인의 가치를 타인에게 확인받으려는 순간, 이는 분명 사랑을 흉내 내는 것에 불과하다. 연인을 진정으로 사랑한다면 남의 눈에 어떻게 비치든 간에 그저 함께 있는 것만으로 좋고, 자신의 사랑에 의심이 없기 때문이다. 왜곡된 나르시즘을 진정한 사랑이라고 믿는 것만큼 우스운 건 없다. 이외에도 3편의 단편이 더 있지만 생략하겠다. 나머지 세 편도 결국 다른 형태의 ‘우스운 사랑’을 보여주기 때문이다. 뻔한 연애소설, 로맨스물에 지친 학우들께 이 책을 강력히 추천한다. 이 작품은 학우들께 우리가 사랑이라고 믿는 행위가 얼마나 장난스럽고, 기만적인지를 깨우쳐 줄 것이다. 더불어 인간관계에 대한 저자의 예리한 시선을 따라가다 보면 학우들도 어느 순간 허탈한, 그러나 기분 좋은 미소를 지으리라.   "
밤톨이,2022/03/27,무의미의 축제 (밀란 쿤데라 장편소설),밀란 쿤데라,민음사,2014/07/23,"   작가는 세상살이를 통해 확립된 본인의 철학과 응축된 감정을 몇 개의 문장에 꾹꾹 눌러 담는다. 독자는 많은 노력을 기울일 필요 없이 작가가 건넨 문장을 그저 음미하면 된다. 작가 밀란 쿤데라에게 고맙다. 가만히 누워 눈동자를 굴렸을 뿐인데 좋은 문장, 그리고 그 안에 담긴 유머와 인간에 대한 통찰을 맛볼 수 있었기 때문이다. 이번에 소개할 책은 밀란 쿤데라의 『무의미의 축제』다. 한 편의 ‘농담’을 봤다. 서빙 알바를 하고 있는 칼리프는 연기 연습과 무료함을 달래기 위해 프랑스 국적인데도 불구하고 파키스탄 사람인 척을 한다. 그리고 함께 서빙 알바를 하던 포르투갈 여인은 칼리프가 프랑스 사람인 줄 모르고 불어와 자국어를 섞어가며 칼리프에게 사랑 고백을 하고 있다. 스탈린의 부하이자, 공산당 정치국 영웅들이 일렬로 배열된 소변기에서 소변을 누며 스탈린에 대한 험담을 늘어놓고, 스탈린은 화장실 밖에서 벽에 기댄 채 자신을 향한 뒷담을 엿듣고는 배꼽 빠지게 웃고 있다. 또, 스탈린은 오줌을 참아가며 자신의 말을 듣고 있는 칼리닌에게 애정을 느끼고, 인형극의 주인공들은 팬티가 젖지 않도록 하기 위한, 순결을 향한 칼리닌의 ‘오줌 참기’가 야심차고, 허영 되고, 용맹한 다른 어떤 위인들의 투쟁보다 진정으로 인간적이라 말한다. 오줌을 참는 칼리닌에 대한 스탈린의 연민과 칼리닌의 ‘인간적인’ 투쟁 덕분에 칸트가 살았던 도시 쾨니히스베르크가 러시아로 편입된 이후에 ‘칼리닌그라드’라는 이름으로 재편될 수밖에 없었다고 인형들은 말한다...이런 유쾌하기도, 다소 어처구니없기도 한 이야기 뭉치는 시종일관 ‘무의미’를 외치고 있다. 작가는 말한다.암에 걸렸다 스스로를 속이고는 죽음의 비애가 주는 황홀감에 젖고, 우아하고 기교를 부리는 말로 이성의 관심을 이끄려는 ‘나르키소스’ 다르델로가 아닌, 평범하고, 아무것도 아닌 말을 건네 이성을 편안하게 만드는 카클리크가 될 것을.존재란 시간이 흐르면 주변의 것들과 더불어 사라지고야 만다는 것을.심지어 살아있는 자들 간에 주고받는 일상적인 대화조차 -각자가 멀리 떨어진 서로 다른 시간의 전망대에서 외치고 있기 때문에- 완전한 이해와 공감이 이뤄지기 어렵기 때문에 쉽사리 무의미해질 수 있음을.더 나아가 우리를 둘러싼 세계가 무의미의 향연이라는 사실을 깨달을 것을.그래야만 우리는 무관심이 주는 편안함을 느끼고, 일상을 농담처럼 받아들일 수 있다.‘무의미의 축제’는 메타 내러티브적인 소설이었다. 소설 속 ‘현실’이라 여겼던 세계가 샤를의 인형극이었다. 이런 소설 구조를 통해 작가는 대학살을 자행했던 스탈린을 비롯하여 호루쇼프, 칼리닌 등 수없이 많은 정치적 스캔들에 휩싸인 역사적 인물들을 장난감 병정에 불과한 인형으로 전락시켰다.세계사에 두고두고 회자되거나, 연구의 대상이 될 사람들을 삶도 결국  무의미의 향연이었다.책을 다 읽고 나니, 훈련소 동기들이 주고받는 시시콜콜한 대화와 껄렁한 몸짓이 두드러지게 보인다. 자신의 일탈 및 연애 경험을 마치 무용담을 늘어놓듯 우악스런 손짓을 섞어가며 말하는 동기들에게 눈길이 간다. 반대로 동기들은 문학에 심취해있는 나를 신기한 눈으로 본다. 우스운 상황이다. 나를 포함한 생활관 안의 존재들이 피우는 무의미를 흠뻑 들이마셔야겠다. 그리고 모든 존재는 무심하고, 사소하고, 평범하다는 진실을 간직한 채 세상을 살아가야겠다.   "
밤톨이,2022/03/27,미스 함무라비,문유석,문학동네,2016/12/02,"   내 첫 재판 때 기억이 난다. 처음 법복을 입고 초긴장 상태에서 재판장을 뒤따라 법정에 들어가니 검사도 변호사도 방청객도 모두 자리에서 일어섰다. 백발이 성성한 노변호사가 변론을 마친 후 법대를 향해 목례를 하기도 했다. 이 모든 것이 나를 좌불안석으로 만들었다. 급기야 나이 많은 변호사가 목례를 하자 나도 모르게 반사적으로 엉거주춤 따라서 인사를 하려다 재판장 눈치를 보며 주저앉기도 했다.첫 재판을 마친 후, 재판장의 말씀이다. “고생했소. 사람들은 문 판사라는 개인을 보고 절을 하는 것이 아니라, 법복이라는 옷을 보고 절을 하는 거요. 그걸 잊지 마시오.” 법복을 입을 때마다 이 말씀이 생각나곤 한다.-미스 함무라비 중에서- 요즘 들어 동아리 선배들이나 동기들 중 로스쿨 진학을 희망하는 경우를 심심찮게 볼 수 있다. 법조인이 왜 되고자 하는가를 물으면 이유는 크게 세 가지다. 올바른 세상을 만들려는 원대한 포부, 혹은 마땅히 다른 하고 싶은 일은 없는데 법조인이라는 직함이 주는 후광 속에서 사회적 명예와 부를 바라기 때문에, 마지막으로 지속적인 고용 불안 속에 전문직이 최선이라 판단했기 때문에. 나 역시 두 번째, 세 번째 이유로 잠깐이나마 로스쿨 진학을 생각해봤다. 그런데 몰라도 너무 몰랐다. 법조인이 되기 위해서는 정확히 무슨 공부를 하고, 어떤 역량이 필요하고, 되고 나서는 어떤 직업적 딜레마에 처하는지. 그래서 인터넷으로 법조인과 관련된 여러 책을 뒤지다가 내 입맛에 딱 맞는 책을 찾았다. 바로 현직 부장판사(출판 당시 저자는 판사직을 그만두기 전이었다)가 쓴 법정 활극인 「미스 함무라비」다. 결론부터 말하자면 「미스 함무라비」는 문유석 판사님이 훌륭한 글 솜씨로 무거운 주제를  가볍고 부담 없게 녹여낸 작품이었다. 저자 본인은 아마추어 작가에 불과하다지만 실제 재판이 바로 눈앞에서 펼쳐지는 듯한 생동감, 중간 중간 피식 터지게 만드는 저자의 입담, 그리고 현직 판사가 맞닥뜨리는 직업적 딜레마와 개인의 소신까지. 삼박자를 잘 갖춘 이 작품을 읽다 보면, 정녕 아마추어 작가가 맞는가라는 의구심이 들 정도였다. 물론 간간이 오글거리는 대사와 개연성이 떨어지는 전개가 여럿 보였지만, 이러한 흠을 눈감아줄 만큼 좋은 점이 훨씬 뚜렷한 작품이었다. 판사라는 직함이 지닌 사회적 자본과 권력 그리고 그것이 주는 책임감, 점점 팍팍해지는 세상 속 희미해져가는 정의를 열망하는 국민들의 기대, 수많은 재판을 하면서 맞닥뜨리는 인간 안의 괴물들, 그리고 뒤따르는 무력함과 우울함. 나는 그동안 물 위를 우아하게 노니는 백조만을 봤다. 그 우아한 백조가 물 밑에서 다리를 우악스럽게 휘젓고 있다는 사실은 보지 못한 채 말이다.  술주정뱅이가 득실거리고, 희망이 없는 낡고 가난한 동네에서 매일 같이 술을 먹고 경범죄를 저지르는 노인에게 확실한 구제책은 주지 못한 채 형(刑)만을 구현해야 하는데서 오는 무력감, 학연, 지연 중심의 대한민국 사회에서 피고의 변호인으로 지인을 만났을 때 판사가 불가피하게 쥐게 되는 양날의 검(이 경우 피고에게 불리한 판결을 내려도 역으로 지인인 변호인을 의식해서 과한 판결을 내렸다는 비난을 받을 수 있다), 외도를 한 아내를 오랫동안 구타해온 남편, 결국 폭력에 지쳐 과도로 남편을 찔러 죽인 아내와 이를 두고 양분된 여론을 의식한 채 진행해야하는 재판까지. 이 작품은 여러 재판 사례들을 보여주고, 독자들에게 묻는다. ‘당신이라면 어떤 판결을 내릴 것인가?’ 난 아무것도 쉽게 대답할 수 없었고, 쉽게 대답해서는 더더욱 안됐다. 가장 궁금한 것 중 하나가 국민의 법감정과 상당히 괴리가 있는 판결에 대한 판사들의 생각이었는데, 감사하게도 저자는 이를 작품 말미에 다루고 있었다. 뉴스에서 연일 우울한 소식들이 쏟아진다. 중학생 여럿이서 동급생 한 명을 지속적으로 따돌림하고 구타를 해 급기야 불구로 만든 사건, 가출한 청소년들을 데리고 성매매를 알선한 것도 모자라, 성관계 영상을 촬영해 이를 온라인에 유포하고 거래한 사건, 조현병 환자가 지나가는 행인을 칼로 찔러 중상을 입혔다는 사건 등, 인간 존재에 대한 회의감을 들게끔 만드는 소식을 자주 접한다. 그리고 지금 이 순간도 어디에선가 범죄는 일어나고 있다. 그리고 이런 역겨운 사건에 뒤이어 범죄자들에게 구형된 형량이 또다시 언론에 의해 공개되면 사법부에 대한 엄청난 불신과 비난의 댓글이 쏟아진다.  ‘판사 놈아 니 자식이 똑같이 당해도 정신병 있다는 이유로 봐줄래?’‘개만도 못한 성범죄자랑 판사랑 둘 다 거세시켜라.’‘사람 죽여 놓고 고작 20년? 이 나라의 정의는 죽었다.’ 등등의 험한 말이 쏟아지고, 사건과는 무관하게 다소 뜬금없이 정치권과 검찰의 유착을 비난하는 댓글이 쏟아지기도 한다. 나도 이따금 기사를 보고 흉악범에 대한 형량이 터무니없이 가볍다는 생각에 분노와 무력감을 느끼곤 했다. (물론 얼마 지나지 않아 나 자신은 웃고 떠들고 있다. 그리고 이내 사법부에 대한 내 분노가 잠깐 채색된 감정에 불과한, 얄팍한 그 무언가에 지나지 않았다는 생각을 한다.)  저자도 여론을 잘 알고 있었고 이를 항상 의식하고 있었다. 그렇다면 왜 국민의 법감정과 상이한 판결이 자주 나오는 걸까? 저자는 형법의 근간을 이루는 구파와 신파의 대립을 설명하면서 거의 모든 나라의 형법이 구파를 기반으로 한다고 한다. 구파의 입장은 이렇다. ‘법은 인간의 자유의지를 존중한다. 네게 형을 구현하는 이유는 정상적인 판단 하에서 네가 죄를 저지르기로 선택했기 때문이다. 자유에는 책임이 따라야한다.’ 그리고 이들의 입장을 가장 잘 대변하는 것이 바로 그 유명한 칸트의 정언명령이다. 주목해야할 점은 ‘정상적인 판단 하에서 내린 선택’에 책임을 묻는 것이 구파와 형법의 기본 입장이라는 점이다. 그래서 ‘14세 되지 아니한 자’와 ‘심신장애로 인하여 사물을 변별할 능력이 없거나 의사를 결정할 능력이 없는 자’의 행위를 처벌하지 않는다. 술에 만취하여 일시적이나마 판단 능력, 의사결정 능력이 없거나 부족한 상태에 놓인 경우 처벌하지 않거나 형을 감형할 수밖에 없는 것이다. 그렇다면 정상적인 판단 능력을 가진 성인들이 일으킨 범죄에는 왜 그렇게 형량이 낮은 거냐고 되묻는 사람들이 분명 있을 거다. 나 역시 이 질문을 했으니까. 저자는 말한다. 결과적으로, 많은 사람들이 가장 중요한 사실을 하나 간과하고 있다고. 판사는 법의 ‘집행자’일 뿐 ‘창조자’는 아니라는 것이다. 그렇기에 이미 법에 명시된 조문과 판례, 양형 기준에 한정해 판결을 내릴 뿐, 판사 개인이 감정을 앞세워 맘대로 형을 구현할 수 없는 것이다. 권력 분립, 죄형법주의 등이 사법제도의 근간을 이루는 것도 결국 맘대로 법을 제정하고 휘두른 전제정치가 보여준 자멸의 과정, 그리고 이런 권력 남용의 역사에 대한 민중의 깊은 반감이 반영되었기 때문이 아닌가. 그러면서 판사 재량으로 흉악범들에게 법정 최고형을 구현하라는 건 이치에 맞지 않는다는 것이다. 책을 다 읽고 나서 많은 생각이 들었다. 인간의 자유의지를 존중하기 때문에 죄에 책임을 지우는 입장의 형법, 이런 형법 자체를 비난하는 건 미약하게나마 남아있는 인간의 존엄인 자유의지를 부정하는 꼴이었다. 그리고 흉악범들을 목전에 둔 판사들이 그 누구보다 화가 나고 답답했을 거라는 사실을 모른 체 했었다. 이들도 세미나나 학회를 통해 국민의 법감정과 괴리된 현재의 양형 기준을 강화하기 위해 치열하게 연구하고 토론했다. 국민의 눈높이에서 바라보는 사법부가 되기 위해서 말이다. 재판 당사자인 판사들이 그 누구보다 고민하고 있고, 노력하고 있었다. 여론에 휩쓸려 사법부를 무작정 비난하고, 쉽게 분노하던 내 자신이 부끄러웠다.  단순히 공명심 때문에 법조인이 되기를 잠깐이나마 꿈꿨던 내 자신이 부끄럽다. 법조인은 비난은 쉽게 하고, 책임지기는 꺼려하는 내가 감히 해서는 안 되고, 할 수도 없는 직업이었다. 오늘도 사건에 따라 수천, 수만 페이지에 이르는 재판 자료를 묵묵히 읽으며 메모하고 계실 전국에 계신 판사님들께 감사드린다. 저자 말대로 요란하고 자극적인 세상이 그래도 둥글게 돌아가는 건 다 묵묵히 자기 일을 하는 사람들 덕분이니까. 법조인이 되기를 꿈꾸고 있거나, 판사의 일상이 궁금했던 학우들께 이 책을 강력히 추천한다. 그리고 이 책을 읽고 나서 법조인의 꿈이 확고해진 학우들께서는 부디 훌륭한 법조인이 되셔서 성대와 우리 사회를 빛내주시길...!   "
밤톨이,2022/03/27,모래의 여자 (세계문학전집 55),아베 코보,민음사,2001/11/10,"   곤충 채집을 취미로 하는 한 남자 교사가 모래땅으로 떠난다. 여태껏 아무도 발견하지 못한 곤충을 최초로 발견해 자신의 이름을 새기기 위해서이다. 하지만 넓은 모래벌판에서 길을 잃은 그가 찾은 것은 곤충이 아닌, 모래땅 아래 깊숙한 곳에 위치한 부락이다. 남자는 부락 내 홀로 사는 여인의 집에서 며칠 간 머무르기로 한다. 부락 사람들의 하루 일과는 끊임없이 쌓이는 모래를 푸는 것이다. 곳곳에 쌓여있는 모래를 푸지 않으면 부락이 모래에 가라앉아 사라질지도 모르기 때문이다. 부락에 불과 며칠 동안만 머무를 계획이었던 남자는 여인과 마을 사람들의 꾐에 넘어가 모래를 푸는 노동을 함께한다. 간간이 탈출을 시도하지만 끝없이 흐르고 쌓이는 모래의 속성, 형태가 고정적이지 않고 유동적인 모래가 주는 압력에 굴복하고 만다. 게다가 첫 만남부터 수상하고 기이한 느낌을 풍겼던 마을 사람들은 마침 일손이 부족한 터라 남자의 탈출을 방해한다. 결국, 자신과 동거하던 마을 여인을 임신시키고, 모래를 푸는 영원한 노동에 동참한다. 자유를 찾아 떠났지만, 결과는 끝없는 구속인 셈이었다... 좋은 작품은 공간적 구성과 소재에 대한 치밀함이 묻어있다. 은유와 상징으로 가득한, 반짝반짝한 문장들의 나열도 충분히 매력적이지만 과학적 사실과 현실적인 묘사가 작품의 바탕을 이루면 매력은 배가 된다. 무엇보다 작품의 바탕이 견고해진다. 독자는 그 튼튼한 바탕에 뿌리를 내리고 안정을 느낀다. 이번에 읽은 아베 코보의 『모래의 여자』가 그러했다. 모래의 사전적 정의부터 시작해 그것의 과학적인 속성 그리고 사구에 대한 세밀한 설명 등은 ‘세상에 드러나지 않은 채 모래땅 깊숙이 위치한 마을, 그리고 입 안과 사타구니 사이로 끝없이 모래가 쌓이는 악조건에 적응한 마을 사람들’이라는 다분히 허황된 설정에 정당성을 부여한다. 독자는 환상 속에서 섬뜩한 현실을 마주한다. 작품 제목인 ‘모래의 여자’가 가리키는 사람은 바로 주인공에게 주거공간을 제공한 여인이다. 그녀는 자신이 아들과 남편을 여읜 홀몸이라고 한다. (작품 말미에는 이것이 사실이 아닐 수도 있음을 암시한다.) 그녀는 조용하고 순종적이다. 주인공 남자가 밥을 먹는 동안 비닐우산을 씌워주어 밥에 모래가 들어가지 않도록 하고 빨래도 해준다. 또, 남자가 탈출을 시도하다 모래 더미에 깔려 의식을 잃었을 때도 정성껏 간호한다. 남자가 공격적인 질문을 하거나 마을을 벗어나게 해달라고 윽박지르면 담담한 침묵으로 일관한다. 외간 남자인 주인공을 들이고는 실오라기 하나 걸치지 않고 나체로 바닥에 누워 자기도 한다. 남자와 육체적 관계를 맺는데 있어서도 다소 적극적이다. 여자의 육체에 대한 묘사는 적나라한데 그녀의 속마음은 도통 알 수가 없다. 게다가 여인을 비롯한 마을 사람들의 이름이 결코 언급되지 않는다. 이러한 다소 에로틱하고 폐쇄적인 극적 특징들은 소설이 전개되는 동안 기이하고 환상적인 분위기를 일관되게 유지할 수 있도록 한다. 그리고 저자는 이러한 분위기 속에 인간의 운명에 대한 자신의 생각을 담는다.  남자는 교사로서의 삶에 지독한 회의를 느낀다. 아이들을 떠나보내지만 자신은 제자리에 머무르며, 자신이 아닌 타인의 꿈을 노래하는 존재가 교사라 말하면서 자유를 갈망한다. 그래서 곤충을 찾아 모래땅으로 떠난다. 모래는 그 자체로 곧 자유다. 형태가 없다. 정착 없이 끝없이 흐른다. 남자는 그러기에 모래에 매력을 느낀다. 하지만 아이러니하게도 자유를 위해 찾았던 모래가 남자를 완벽히 구속한다. 이따금 남자가 탈출을 위해 모래에 도전하면 모래는 거대한 압력으로 짓눌러버리거나 남자를 자신의 품 안으로 끝없이 가라앉힌다. 결국 남자는 모래에 굴복한다. 초반에 남자는 공간적으로 종속되는 것에 그쳤지만 결말에 이르면 정신적으로 종속되는 지경에까지 이른다. 결국, 잠을 자고, 일어나 밥을 먹고, 모래를 푸고, 섹스를 하고, 다시 잠에 드는 일상을 반복한다. 교사로 있었던 바깥세상이나, 바깥세상을 피해 들어왔던 모래땅에서나 결국 같은 자리를 돌고 도는 쳇바퀴 같은 삶을 벗어날 수 없는 것이다...  자유가 어쩌면 허상에 불과하다는 생각이 든다. 실로 자유를 위해 찾았던 새로운 삶도 결국은 지독한 일상의 반복이지 않은가. 곰곰이 생각해보면 책 속 표현대로 ‘노동은 노동을 통해서만 극복할 수 있는 것’이었다. 한편으로 자유가 인간에겐 너무 무겁다는 생각도 했다. 반복적인 노동조차 하지 않는다면, 시간의 공백이 인간 존재의 하찮음을 너무 뼈저리게 느끼게 만들기 때문에 인간이 스스로 쳇바퀴 같은 일상으로 굴러들어는 것일지도... 개인적으로는 동료들이 자신의 휴가 소식에 질투심을 느끼며 고통 받을 생각에 희열을 느끼고, 자신의 발과 썩은 이가 풍기는 냄새에 고혹과 친밀감을 느끼는 주인공에 대한 심리묘사가 가장 인상 깊었다. 자신과 타인에 대한 가학, 그것이 주는 내밀하고 은근한 쾌감을 나도 모르지 않기 때문이다. 이외에도 안과 밖이 같은 ‘뫼비우스의 띠’를 축으로 가치체계를 수없이 뒤흔드는 전개도 좋았다. ‘안’이라고 생각한 것이 ‘밖’과 같고, ‘밖’이라고 생각한 것도 결국은 ‘안’이었다. 예를 들면, 바깥세상에서 온 남자의 입장에서 자신의 자유를 억압하는 부락은 폭력적인 존재이지만, 부락 사람들 입장에서 바라본 바깥세상은 모래 속으로 자신들의 침전을 방관하는, 또 다른 폭력적인 존재였다. 또 모래의 여인마저 ‘도시의 여자’들로 대변되는 멜로드라마적 여성상에 얽매이는 모습을 통해  안과 밖의 구분이 무의미함을 엿볼 수 있었다.  『모래의 여자』는 분명 어려운 작품이었다. 철학적인 깊이가 느껴지는 문장들이 많았다. 서평을 쓰는 지금 이 순간도 한 문장 한 문장 이어가는데 굉장히 조심스럽다. 이 작품에 대한 많은 이들의 생각을 들어보고 싶다. 훗날 성대의 많은 학우들과 이 작품에 대해 문학적 소통을 나누기를 소망할 따름이다.    "
김태수,2022/03/26,어떤 죽음이 삶에게 말했다 (생의 남은 시간이 우리에게 들려주는 것),김범석,흐름출판,2021/01/18,"   ""만약 당신이 3개월 뒤에 죽게 된다면, 당신은 무엇을 할 것인가?"" 이제는 너무 진부한 질문이다. 삶의 소중함을 깨닫게 해주는 좋은 질문이지만 말이다. 물론 모든 인간은 언제나 죽음의 위협에 시달린다. 하지만 나는 죽음에 대해 생각하지 않는 타입의 사람이다. 죽음이 있기에 삶에 의미가 생긴다는 사실도 안다. 내가 내일 시한부 판정을 받게 되면 나는 지금까지 산 삶에 불만족하리라는 것 역시 안다. 하지만 대부분의 일반인은 죽음에까지 신경 쓸 여유가 없다. 당장 가족을 부양해야 하는 사람부터 나와 같이 꿈을 위해 공부하는 사람도 있다. 내가 당장 내일 죽어버릴 위험 때문에 과제를 미루고 무작정 해외여행을 다닐 수는 없지 않겠는가?이 책은 실제 종양내과 의사가 쓴 책이다. 이 책의 저자는 대부분 4기 암 환자들의 생명 연장 목적의 항암치료를 주로 하시는 의사분이다. 그는 18년간 의사로 살며 수많은 환자와 수많은 죽음을 지켜봐 왔다. 그의 환자 대부분은 나와 같이 죽음에 대해 아무 준비를 안 했던 사람들이었다. 하지만 그들은 남들과는 다른 특별한 기회를 얻은 사람들이었다. 바로 자신의 기대여명을 알게 된 사람들이기 때문이다. 말기 암 환자들의 경우 더 이상 항암치료가 무의미해지는 시점이 오게 된다. 아직 죽지는 않았지만, 죽음이 확실히 예정된 사례들이다. 이런 경우 주로 고통을 줄이기 위한 치료를 진행하게 되고, 이 기간은 그야말로 누구나 겪지 못하는 시간이다. 왜냐하면 대부분의 인간은 자신이 언제 죽을지 알 수가 없기 때문이다.참으로 다양한 사례가 나온다. 영화가 아닌 현실이기 때문에 안타까운 사례도 많다. 항암치료가 이제 무의미하다는 사실을 받아들이지 못하고 결국 끝까지 죽음에 대해 생각해보지 못하고 죽은 사람도 많았다. 유일한 혈육이었던 동생에게 2억을 빌려줬지만 돌려받지 못했던 사람이 있었다. 그는 결국 동생과 연락을 끊었고 거의 죽기 직전에 동생을 만나게 된다. 하지만 죽음 직전임에도 불구하고 동생을 만난 형의 입에서 나온 말은 ""내 2억 갚아라.""였다. 물론 이 형이 잘못된 사람이라는 것은 아니다. 하지만 이로 인해 동생은 다시 떠나 돌아오지 않았고 그는 결국 지켜보는 이 없이 쓸쓸히 죽었다. 하지만 죽음이라는 현실을 묵묵히 받아들이고 1년 간 가족과 함께 평범하지만 너무나도 소중한 시간을 보내다 죽은 이도 있다. 기적같이 완치된 후에 삶의 모든 부분에 감사해하며 살아가는 이도 있다. 이외에도 수많은 사례가 이 책에는 나온다. 내가 다양한 사례를 보고 개인적으로 느낀 것은 죽음에 대한 현실적인 고민이 필요하다는 것이다. 죽음을 통해 삶의 의미를 찾는다고 해봤자 우리 인간은 이를 망각할 수밖에 없다. 공기의 소중함을 우리가 모두 알지만, 숨 쉴 때마다 공기의 소중함을 잊지 않고 사는 인간이 몇이나 되겠는가? 하지만 이렇게 생각해보자, 죽음 직전까지의 삶도 결국 우리의 삶의 일부분 아닐까? 미래를 위해 그렇게 열심히 공부하고, 투자하고, 일하는 우리들이다. 죽음 역시 열심히 준비해보는 것이다. 갑자기 급사하는 경우는 어쩔 수 없겠지만, 그래도 죽음을 준비해보는 과정 자체가 한 번쯤은 우리에게 필요하다. 그리고 시간이 흘러 만약 우리에게도 기대여명을 알 수 있는 저주와 같은 축복이 찾아오게 된다면 우리는 어떻게 행동할지 또 고민해보는 것이다. 결국 또 진부하게 마무리할 수밖에 없는 주제인 것 같다. 고대 로마에서 전쟁에서 승리한 장군의 개선식의 마차에는 노예 1명이 장군과 같이 탑승했다고 한다. 이 노예가 맡은 역할은 장군에게 ""메멘토 모리""라고 끊임없이 말하는 것이었다고 한다. 바로 ""죽음을 기억하라""라는 말이었다. 죽음을 잊지 말고 살아가자, 어쩌면 죽음을 잊는 것이 삶을 잊는 것과 같을 수도 있으니.   "
각고,2022/03/26,지적 대화를 위한 넓고 얕은 지식 2,채사장,웨일북(whalebooks),2020/02/05,"   지적 대화를 위한 넓고 얕은 지식 시리즈 2번째 편이다. 역사, 경제, 정치 등 현실 세계를 다루었던 1권과는 달리, 2권에서는 철학, 과학, 종교 등 현실 너머의 세계를 다루고 있다. 1권에서 세계를 자본가와 노동자, 이분법적으로 단순화하여 살펴본 것처럼 2권도 전체 줄거리를 이분법적으로 나누어 서술하는 것이 특징이다. 물론 이런 극도로 단순화된 세계관으로는 그 분야의 다양하고 깊은 내용들을 심도 있게 담을 수 없는 것이 당연하다. 하지만 이 책의 원래 목적인 넓고 얕은 지식들을 쌓기 위해 각 분야의 교양을 두루 훑는 용도로는 가장 최적화된 서술이라는 생각이 든다.이 책의 맨 첫 부분인 철학 파트에서는 각 사상들을 크게 절대주의와 상대주의, 두 측면으로 나누어서 살펴본다(회의주의적인 측면도 다루긴 한다). 그리고 이러한 구분은 이후 과학과 예술까지 이어져 이 책의 전체를 관통하며 우리에게 적절하고 간편한 이해를 제공한다. 사실 지대넓얕 시리즈를 읽기 전에 철학 책을 몇 권 접했었는데 보통 데카르트부터 시작하여 칸트, 헤겔 등으로 이어지는 근대 철학이 철학사에서 비중있는 부분을 차지하다 보니 내가 읽었던 책들에서는 고대 철학사에 대해 잘 다루지 않았었다. 그래서 그 시절의 철학에 대해서는 플라톤의 이데아 개념 정도만 들어본 것이 전부였고, 책을 읽다가 소크라테스나 아리스토텔레스, 탈레스 등의 인물들이 나오면 누가 누구인지도 모른 채 항상 철학에 대해 어려워했던 기억이 있다. 하지만 이 책에서는 그동안의 가려웠던 곳을 긁어주듯 내가 부족하고 잘 몰랐던 부분을 딱 얘기해주었고 덕분에 첫 장부터 흥미를 가지고 책에 몰입할 수 있었던 것 같다.이 책을 읽으면서 저자의 위대함을 느꼈던 부분이 하나 더 있었는데, 현대사회를 살아가면서(또한 어릴 때부터 기본 정규과정을 충실히 이행해오면서) 자칫 과학주의에 빠져있을 수 있는 우리들에게 과학에 대한 맹목적인 믿음에 대해 경계하고 반성하도록 새로운 관점을 제공해 준다는 것이다. 어렸을 때 친구를 따라서 교회를 몇 번 가보고 부모님을 따라 절에도 몇 번 가보기는 했어도 딱히 어느 종교도 믿지 않는 나는 '과학주의자'였던 것 같다. 어려서부터 각종 수학과 물리학, 지구과학 등에 대해 공부하면서 성경의 창세기보다는 다윈의 진화론이, 정상우주론보다는 빅뱅론이 더욱 객관적이고 명확한 근거들로 뒷받침되고 있다는 사실들을 배워왔기 때문이다. 또한 그동안 인류가 쌓아온 이러한 과학적 지식들 덕에 지금 우리는 유래 없는 기술의 진보 속에서 아주 편안한 생활을 누리고 있다. 따라서 과학은 여러 객관적인 사실들로 뒷받침되어 발전해온 학문이고 나머지는 그저 확인할 수 없는 일명 뇌피셜들에 불과하다는 생각이 나도 모르게 내 무의식을 채우고 있었던 것 같다. 하지만 이 책에서는 괴델의 불완전성 정리, 하이젠베르크의 불확정성 원리, 파이어아벤트의 인식론적 무정부주의 등에 대해 설명하면서 이러한 과학주의가 사실은 완전한 진리가 아닐 수도 있음을 일깨워준다. 역사적으로 과학이 발전해온 과정을 돌아보았을 때 그 과정이 사실은 그리 객관적이지 못한 이유에서 발전해왔던 적도 있고, 사실은 수학과 과학이라는 영역이 그 자체로 내재하고 있는 한계들이 존재한다는 것이다. 나는 그동안 수학과 과학을 통해 진리에 다가갈 수 있다는 이른바 근대철학적 이성주의에 빠져있었다는 생각이 들었다. '수학 + 과학 = 진리' 라는 공식을 믿고 살았던 것이다. 이것은 다른 말로 표현해서 수학과 과학이 나의 종교였음을 의미한다. 이 책을 읽으면서 그동안 나의 사고를 둘러싸고 있던 패러다임의 실체를 깨닫고 나니 이제 다른 사람들의 패러다임에도 귀 기울일 수 있는 여유를 가질 수 있었다. 이제까지는 확인도 할 수 없는 인격적 신을 믿는 사람들이 잘 이해가 가지 않았지만, 어려서부터 수학과 과학을 접하며 살아온 내가 거꾸로 어렸을 때 주변 사람들을 따라 교회를 다니며 성경에 나온 창세기를 자주 접했더라면 오히려 나는 지금쯤 독실한 기독교 신자가 되었을 수도 있다는 생각이 든다. 하지만 이 책을 읽으면서 과학주의에 대해 어느 정도 벗어날 수 있게 된 지금, 이 책에서 정말 재미있고 관심을 가지며 읽었던 부분은 구약과 신약에 대한 서양 종교보다는 오히려 불교 쪽이다. 불교에서는 어떤 인격적 존재인 특정 신을 믿는 것이 아니라 본인의 수양을 통한 득도를 추구하는 종교인데, 깊은 사마디를 통해 모든 만물은 하나라는 범야일여를 깨닫는 것을 목표로 한다. 비록 이 책에서는 베다의 교리를 깊게 다루지는 않았지만, 이 부분을 읽으면서 나도 지금의 삶을 벗어던지고 사마디를 통해 아트마 즈냐나를 얻을 수 있지 않을까 하는 생각이 들었다. 실제로 나는 이 부분을 너무 흥미롭게 읽어서 요즘도 실제 잠자리에 누우면서 사마디에 빠져들기 위해 노력하는 중이다. 언젠가 이 모든 윤회의 굴레에서 벗어나는 해탈의 순간이 오지 않을까 하는 기대 속에서 말이다. 지금 이 말을 보면서 여러분 중에 피식 웃는 사람들이 있을 지도 모르겠다. 하지만 만약 요즘 너무 사는 것이 괴롭고 끊임없는 번뇌 속에서 시달리고 있는 사람이 있다면 한번 눈을 감고 사마디를 시도해볼 것을 추천한다. 이 모든 것이 부질없다는 생각과 함께 당신의 마음에 고요함이 찾아올 것이다. 자, 오늘부터 다같이 부처가 되어보자.   "
두개의 달,2022/03/26,어린왕자,생텍쥐페리,인디고,2006/09/25,"   아마 다들 초중학생 때, 권장도서 목록에 <어린 왕자>가 있었을 것이다. 나도 그래서 <어린 왕자>를 어렸을 때 읽어본 경험이 있다. 하지만 그 당시에 다가왔던 <어린 왕자>의 느낌은 뜬구름 잡는 것 같았다. 나랑은 관련이 없는 이야기 같았고, 다른 세상 같았다.시간이 흘러, 지금이 되어서야 <어린 왕자>에서 하는 이야기가 무엇인지 조금이나마 깨닫는 것 같다. 다시 읽어본 <어린 왕자>에서, 사회를 살아가는 어른들의 불완전함이 보였다. 그리고 그런 불완전한 어른들과의 관계 속에서 휩쓸리지 않으려는 노력들도 볼 수 있었다.l‘어른들은 정말 이상해’어린 왕자는 지구에 오기 전, 여러 행성들을 거치면서 다양한 부류의 어른들을 만난다. 어린 왕자가 만난 어른들은 나쁜 사람들은 아니었다. 하지만 어딘가 부족함이 느껴지는 사람들이었다. 첫 번째 별에서 만난 왕은 선한 사람이었기 때문에 비이성적이거나 터무니없는 명령은 내리지 않았다. 하지만 불복종을 용인하지 못하는 전제 군주였기에, 별에는 왕을 위해 일하는 신하가 한 명도 없었다. 다섯 번째 별에서 만난 가로등지기는 하루가 지날 때마다 자신의 가로등을 켜고 끄는 일을 성실히 수행한다. 하지만 자신이 그것을 왜 해야 하는지 이해하려고 하지는 않는다. 그저 지시이기 때문에 따라야 하는 거라고 생각한다. 인물들을 보면서, 사회를 살아가는 어른들이 그대로 투영되어 있는 것 같다는 느낌이 들었다. 각자의 위치에서 나름 열심히 살아가고 있지만, 결점이 하나씩 있어 애를 먹고 있는 사람들이 보였다. 나쁘지 않은 사람들이지만, 자신이 가진 결점 때문에 더 나아지지 못하고 있는 상태. 그리고 더 안타까운 건 스스로 그 결점을 돌아볼 수 없는 상태에 있다는 점 같다. 어린 왕자가 찾아와서 그들에게 질문을 던져주지 않았다면, 아마 자신을 옭아매는 문제를 영영 쳐다볼 수 없었을 것이다.어른들을 보면서, 어린 왕자는 이해할 수 없는 뭔가를 하나씩 떠올리고 질문을 한다. 하지만 어른들에게서 이해할 수 있는 답변을 듣지 못하고 돌아다니다 지구에 이른다. 요즘 어린 왕자처럼 순수한 사람은 드물다. 대부분의 사람들이 <어린 왕자>에 나오는 어른들과 비슷하다. 그래서 순수한 사람들은 다름에서 나오는 궁금증을 해결할 곳이 없다, 나 역시 어린 그런 경험을 한 적이 있다. 대학교를 졸업하고 사회로 나아갈 때, 요즘 사람들이 신경 쓰는 조건은 연봉이다. 하지만 나는 관심이 많이 없는 일을 연봉만 보고 붙들고 있는다는 건 별로 좋은 게 아니지 않나 생각을 했다. 하지만 나와 비슷한 생각을 하는 사람을 찾을 수가 없어서, 내가 하는 생각이 틀린 건가 하는 착각도 들었었다. 그런 착각 속에서 빠져나오는 데는 많은 시간과 에너지가 소모되었다.l“사막이 아름다운 것은 우물을 숨기고 있기 때문이야.”그렇지만 불완전함 속에서도 건강한 관계를 맺는 방법을 <어린 왕자>는 알려 준다. 여우와의 대화 속에서 어린 왕자는 관계를 맺는 법을 알게 되고, 중요한 것은 눈이 아닌 마음으로 봐야 볼 수 있다는 사실을 배운다. 아래 나오는 여우의 대사는 현실에서도 아주 중요한 가치를, 마음 속에 확실히 새길 수 있게 해준다.“내 비밀은 말이야. 그건 단순해. 사람들은 마음으로 봐야 보인다는 걸 모른다는 거야. 절대로 필요한건 눈에 보이지 않아.”현실에서도 또한, 메마른 사회와 불완전한 사람들 속에서 휩쓸리지 않고 살아가려면 눈에 보이지 않는 것을 봐야 하지 않을까 생각이 들었다. 나 역시도 내가 직업에 대해 연봉 보다 진정 관심이 있는가를 확인하는 것에 더 우선순위를 두는 것이, 불완전한 사람들 과의 교류 속에서 건강함을 유지하고 신호인 것 같아 나를 칭찬해 주고 싶었다눈에 보이는 숫자나 외모 같은 가치에 휩쓸리지 않고 마음을 본다면, 말과 행동에 묻어나오는 인성과 가치관을 보려고 노력한다면 사람다움을 잃지 않고 살아갈 수 있을 것이다.    "
